"","stateAK","stateAL","stateAR","stateAZ","stateCA","stateCO","stateCT","stateDC","stateDE","stateFL","stateGA","stateHI","stateIA","stateID","stateIL","stateIN","stateKS","stateKY","stateLA","stateMA","stateMD","stateME","stateMI","stateMN","stateMO","stateMS","stateMT","stateNC","stateND","stateNE","stateNH","stateNJ","stateNM","stateNV","stateNY","stateOH","stateOK","stateOR","statePA","stateRI","stateSC","stateSD","stateTN","stateTX","stateUT","stateVA","stateVT","stateWA","stateWI","stateWV","stateWY","account_length","area_codearea_code_415","area_codearea_code_510","international_planyes","voice_mail_planyes","number_vmail_messages","total_day_minutes","total_day_calls","total_day_charge","total_eve_minutes","total_eve_calls","total_eve_charge","total_night_minutes","total_night_calls","total_night_charge","total_intl_minutes","total_intl_calls","total_intl_charge","number_customer_service_calls"
"4575",0,0,0,0,0,0,0,0,0,0,0,0,0,0,0,0,0,0,0,0,0,0,0,0,0,0,0,0,0,0,0,0,0,0,0,0,0,0,0,0,1,0,0,0,0,0,0,0,0,0,0,137,0,1,0,0,0,109.8,112,18.67,223.5,88,19,247.5,96,11.14,17.8,2,4.81,1
"4685",0,0,0,0,0,0,0,0,0,0,0,0,0,0,0,0,0,0,0,0,0,0,0,0,1,0,0,0,0,0,0,0,0,0,0,0,0,0,0,0,0,0,0,0,0,0,0,0,0,0,0,83,1,0,0,0,0,196.7,117,33.44,272,89,23.12,199.9,62,9,10.1,11,2.73,3
"1431",0,0,0,0,0,0,0,0,0,0,0,0,0,0,0,0,0,0,0,0,0,0,0,0,0,0,0,0,0,0,0,0,0,0,0,0,0,0,0,0,0,0,0,0,0,0,0,0,0,1,0,48,1,0,0,1,34,198,70,33.66,273.7,121,23.26,217.9,71,9.81,7.6,4,2.05,1
"4150",0,0,0,0,0,0,0,0,1,0,0,0,0,0,0,0,0,0,0,0,0,0,0,0,0,0,0,0,0,0,0,0,0,0,0,0,0,0,0,0,0,0,0,0,0,0,0,0,0,0,0,67,1,0,0,0,0,164.5,79,27.97,110.3,108,9.38,203.9,102,9.18,9.8,2,2.65,1
"3207",0,0,0,0,0,0,0,0,0,0,0,0,0,0,0,0,0,0,0,0,0,0,0,0,0,0,0,0,0,0,0,0,0,0,0,0,0,0,0,0,0,0,0,0,0,0,0,1,0,0,0,143,0,1,0,0,0,133.4,107,22.68,223.9,117,19.03,180.4,85,8.12,10.2,13,2.75,1
"2593",0,0,0,0,0,0,0,0,0,0,0,0,0,0,0,0,0,0,0,0,0,0,0,0,0,0,0,0,0,0,0,0,0,0,0,0,0,0,0,0,0,0,0,0,0,1,0,0,0,0,0,163,1,0,0,0,0,202.9,100,34.49,178.6,46,15.18,203.8,116,9.17,12.8,3,3.46,5
"3679",0,0,0,0,0,0,0,0,0,0,0,0,0,0,0,0,0,0,0,0,0,0,0,0,0,0,0,0,0,0,0,0,0,1,0,0,0,0,0,0,0,0,0,0,0,0,0,0,0,0,0,100,1,0,0,1,39,204.9,74,34.83,210.2,80,17.87,168.8,89,7.6,11.2,4,3.02,2
"673",0,0,0,0,0,0,0,0,0,0,0,0,0,0,1,0,0,0,0,0,0,0,0,0,0,0,0,0,0,0,0,0,0,0,0,0,0,0,0,0,0,0,0,0,0,0,0,0,0,0,0,151,0,0,0,0,0,175.3,106,29.8,144.3,87,12.27,160.2,88,7.21,11.8,5,3.19,0
"3280",0,0,0,0,0,0,0,0,0,0,0,0,0,0,0,0,0,0,0,0,0,0,0,0,0,0,0,0,0,0,0,1,0,0,0,0,0,0,0,0,0,0,0,0,0,0,0,0,0,0,0,139,1,0,0,1,43,231,85,39.27,222.3,82,18.9,148,105,6.66,8.3,5,2.24,2
"3519",0,0,0,0,0,0,0,1,0,0,0,0,0,0,0,0,0,0,0,0,0,0,0,0,0,0,0,0,0,0,0,0,0,0,0,0,0,0,0,0,0,0,0,0,0,0,0,0,0,0,0,17,0,1,0,1,30,280,101,47.6,258.9,85,22.01,230,130,10.35,10.3,2,2.78,3
"2285",0,0,0,0,0,0,0,0,0,0,0,0,0,0,0,0,0,0,0,0,0,0,0,0,0,0,0,0,0,0,0,0,0,0,0,0,0,0,1,0,0,0,0,0,0,0,0,0,0,0,0,114,1,0,0,0,0,155.3,75,26.4,169.9,87,14.44,207,133,9.32,12.6,5,3.4,2
"3588",0,0,0,0,0,0,0,0,0,0,0,0,0,0,0,0,0,0,0,0,0,0,0,0,0,0,0,0,0,0,0,0,0,0,0,0,0,0,0,0,0,0,0,0,0,0,0,0,0,1,0,78,0,0,0,0,0,226.3,88,38.47,306.2,81,26.03,200.9,120,9.04,7.8,11,2.11,1
"4663",0,0,0,0,0,0,0,0,0,0,0,0,0,0,1,0,0,0,0,0,0,0,0,0,0,0,0,0,0,0,0,0,0,0,0,0,0,0,0,0,0,0,0,0,0,0,0,0,0,0,0,65,1,0,0,0,0,180.3,84,30.65,199.9,129,16.99,280.1,62,12.6,12.1,1,3.27,3
"1274",0,0,0,0,0,0,0,0,0,0,0,0,0,0,0,0,0,0,0,0,0,0,0,0,0,0,1,0,0,0,0,0,0,0,0,0,0,0,0,0,0,0,0,0,0,0,0,0,0,0,0,28,1,0,0,0,0,121.7,48,20.69,125.8,112,10.69,261.6,122,11.77,8.3,2,2.24,6
"2305",0,0,0,0,0,0,0,0,0,0,0,0,0,0,0,0,0,0,0,0,0,0,0,0,0,0,0,0,0,0,0,0,0,0,0,0,1,0,0,0,0,0,0,0,0,0,0,0,0,0,0,93,1,0,0,1,32,116.9,120,19.87,232.4,97,19.75,127.7,112,5.75,11,9,2.97,0
"4686",0,0,0,0,0,0,0,0,0,0,0,0,0,0,0,0,0,0,0,0,0,0,0,0,0,0,0,0,0,0,0,0,0,0,0,0,0,1,0,0,0,0,0,0,0,0,0,0,0,0,0,92,1,0,0,0,0,114.6,94,19.48,209,78,17.77,209.7,97,9.44,8.3,5,2.24,2
"4876",0,0,0,0,0,0,0,0,0,0,0,0,0,0,0,0,0,0,0,0,0,0,0,0,0,0,0,0,0,0,0,0,0,0,0,0,0,0,0,0,1,0,0,0,0,0,0,0,0,0,0,77,1,0,0,0,0,175.8,116,29.89,156.2,125,13.28,237.4,106,10.68,5,4,1.35,0
"586",0,0,1,0,0,0,0,0,0,0,0,0,0,0,0,0,0,0,0,0,0,0,0,0,0,0,0,0,0,0,0,0,0,0,0,0,0,0,0,0,0,0,0,0,0,0,0,0,0,0,0,110,0,0,0,0,0,55.3,102,9.4,164.7,124,14,200.7,108,9.03,10.2,5,2.75,1
"2367",0,0,0,0,0,0,0,0,0,0,0,0,0,0,0,0,0,0,0,0,0,0,0,0,0,1,0,0,0,0,0,0,0,0,0,0,0,0,0,0,0,0,0,0,0,0,0,0,0,0,0,122,0,0,0,1,45,147.8,85,25.13,147.4,93,12.53,203.5,110,9.16,14,5,3.78,1
"2792",0,0,0,0,0,0,0,0,0,0,0,0,0,1,0,0,0,0,0,0,0,0,0,0,0,0,0,0,0,0,0,0,0,0,0,0,0,0,0,0,0,0,0,0,0,0,0,0,0,0,0,151,1,0,0,0,0,194.8,106,33.12,292.7,103,24.88,224.6,82,10.11,5.5,3,1.49,0
"4503",0,0,0,0,0,0,1,0,0,0,0,0,0,0,0,0,0,0,0,0,0,0,0,0,0,0,0,0,0,0,0,0,0,0,0,0,0,0,0,0,0,0,0,0,0,0,0,0,0,0,0,60,1,0,1,1,45,135.6,101,23.05,94.9,73,8.07,154,118,6.93,9.8,3,2.65,4
"691",0,0,0,0,0,0,0,0,0,0,0,0,0,0,0,0,1,0,0,0,0,0,0,0,0,0,0,0,0,0,0,0,0,0,0,0,0,0,0,0,0,0,0,0,0,0,0,0,0,0,0,88,1,0,0,0,0,189.8,111,32.27,197.3,101,16.77,234.5,111,10.55,14.9,3,4.02,2
"4923",0,0,0,0,0,0,0,0,0,0,0,0,0,0,0,0,0,0,0,0,0,0,0,1,0,0,0,0,0,0,0,0,0,0,0,0,0,0,0,0,0,0,0,0,0,0,0,0,0,0,0,102,1,0,0,1,32,135.7,108,23.07,216.5,134,18.4,160.5,125,7.22,13,7,3.51,1
"4712",0,0,0,0,0,0,0,0,0,0,0,0,0,0,0,0,0,0,0,0,0,0,0,0,0,0,0,0,0,0,0,0,0,0,0,0,0,0,0,0,0,0,0,1,0,0,0,0,0,0,0,26,1,0,1,0,0,194.4,105,33.05,238.3,100,20.26,239.1,129,10.76,9.6,5,2.59,0
"411",0,0,0,0,0,0,0,0,0,0,0,0,0,0,0,0,0,0,0,0,0,0,0,0,0,0,0,0,0,0,0,0,0,0,0,0,0,1,0,0,0,0,0,0,0,0,0,0,0,0,0,25,0,0,0,0,0,178.8,90,30.4,141.2,72,12,203,99,9.14,8.4,5,2.27,2
"2559",0,0,1,0,0,0,0,0,0,0,0,0,0,0,0,0,0,0,0,0,0,0,0,0,0,0,0,0,0,0,0,0,0,0,0,0,0,0,0,0,0,0,0,0,0,0,0,0,0,0,0,94,0,0,0,0,0,136.2,114,23.15,165.1,118,14.03,137.9,71,6.21,9.6,5,2.59,0
"1941",0,0,0,0,0,0,0,0,0,0,0,0,0,0,0,0,0,0,0,0,0,0,0,0,0,0,0,0,0,0,0,0,0,0,0,0,0,0,0,0,0,0,0,0,0,0,0,0,1,0,0,123,1,0,0,0,0,172.2,92,29.27,162.6,76,13.82,250.3,101,11.26,8.7,4,2.35,1
"4505",0,1,0,0,0,0,0,0,0,0,0,0,0,0,0,0,0,0,0,0,0,0,0,0,0,0,0,0,0,0,0,0,0,0,0,0,0,0,0,0,0,0,0,0,0,0,0,0,0,0,0,123,1,0,0,0,0,132.6,100,22.54,198.8,102,16.9,168.9,105,7.6,0,0,0,1
"2223",1,0,0,0,0,0,0,0,0,0,0,0,0,0,0,0,0,0,0,0,0,0,0,0,0,0,0,0,0,0,0,0,0,0,0,0,0,0,0,0,0,0,0,0,0,0,0,0,0,0,0,97,1,0,0,1,24,176.1,109,29.94,159.4,81,13.55,269.1,94,12.11,12.1,9,3.27,0
"4156",0,0,0,0,0,0,0,0,0,0,0,0,0,0,0,0,0,0,0,0,0,0,0,0,0,0,0,0,0,0,0,0,0,0,0,0,0,0,0,1,0,0,0,0,0,0,0,0,0,0,0,131,1,0,0,0,0,131.3,39,22.32,242.9,101,20.65,278.8,100,12.55,8.5,2,2.3,2
"3666",0,0,0,0,0,0,0,0,0,0,0,0,0,0,0,0,0,0,0,0,0,0,0,0,0,0,0,0,0,0,0,0,0,0,0,0,0,0,0,0,0,0,0,0,0,0,0,0,0,1,0,166,0,0,0,1,41,196.7,109,33.44,124.3,107,10.57,198.3,94,8.92,11,5,2.97,5
"4031",0,0,0,0,0,0,0,0,0,0,0,0,0,1,0,0,0,0,0,0,0,0,0,0,0,0,0,0,0,0,0,0,0,0,0,0,0,0,0,0,0,0,0,0,0,0,0,0,0,0,0,107,1,0,0,0,0,260.6,81,44.3,246.1,116,20.92,243.3,117,10.95,12.8,9,3.46,0
"1929",0,0,0,0,0,0,0,0,0,0,0,0,0,0,0,0,0,0,0,0,0,0,0,0,0,0,0,0,0,0,0,0,0,0,0,0,0,0,0,0,0,0,1,0,0,0,0,0,0,0,0,102,0,1,0,0,0,103.1,70,17.53,275,129,23.38,141.1,92,6.35,11.2,5,3.02,1
"3404",0,0,0,0,0,0,0,0,0,0,0,0,0,0,0,0,0,0,0,0,0,0,0,0,0,0,0,0,0,0,0,0,0,0,0,0,0,0,0,0,1,0,0,0,0,0,0,0,0,0,0,84,1,0,0,0,0,204.1,132,34.7,164.4,117,13.97,165.1,123,7.43,0,0,0,1
"20",0,0,0,0,0,0,0,0,0,0,0,0,0,0,0,0,0,0,0,0,0,0,0,0,0,0,0,0,0,0,0,0,0,0,0,0,0,0,0,0,0,0,0,1,0,0,0,0,0,0,0,73,1,0,0,0,0,224.4,90,38.15,159.5,88,13.56,192.8,74,8.68,13,2,3.51,1
"4136",0,0,0,0,0,0,0,0,0,0,0,0,0,0,0,0,1,0,0,0,0,0,0,0,0,0,0,0,0,0,0,0,0,0,0,0,0,0,0,0,0,0,0,0,0,0,0,0,0,0,0,74,0,0,0,0,0,286.9,113,48.77,260.8,121,22.17,137.1,94,6.17,12.6,6,3.4,0
"37",1,0,0,0,0,0,0,0,0,0,0,0,0,0,0,0,0,0,0,0,0,0,0,0,0,0,0,0,0,0,0,0,0,0,0,0,0,0,0,0,0,0,0,0,0,0,0,0,0,0,0,36,0,0,0,1,30,146.3,128,24.87,162.5,80,13.81,129.3,109,5.82,14.5,6,3.92,0
"1031",0,0,0,0,0,0,0,0,0,0,0,0,0,0,0,0,0,0,0,0,0,0,0,0,0,0,0,0,0,0,0,0,0,0,0,0,0,0,0,0,0,0,0,0,0,1,0,0,0,0,0,99,1,0,0,1,42,216,125,36.72,232.3,104,19.75,215.5,100,9.7,9.3,4,2.51,2
"4499",0,0,0,0,0,0,0,0,0,0,0,0,0,0,0,0,0,0,0,0,0,0,0,0,0,0,0,0,0,0,0,0,0,0,1,0,0,0,0,0,0,0,0,0,0,0,0,0,0,0,0,77,1,0,1,0,0,132.9,86,22.59,168.1,121,14.29,196.3,102,8.83,7.8,3,2.11,0
"3036",0,0,0,0,0,0,0,0,0,0,0,0,0,0,0,0,0,0,0,0,0,1,0,0,0,0,0,0,0,0,0,0,0,0,0,0,0,0,0,0,0,0,0,0,0,0,0,0,0,0,0,88,1,0,0,0,0,85.7,112,14.57,221.6,70,18.84,190.6,75,8.58,11.6,3,3.13,4
"1883",0,0,0,0,0,0,0,0,0,0,0,1,0,0,0,0,0,0,0,0,0,0,0,0,0,0,0,0,0,0,0,0,0,0,0,0,0,0,0,0,0,0,0,0,0,0,0,0,0,0,0,132,0,0,1,1,33,200.3,75,34.05,226.6,67,19.26,198.8,91,8.95,12.9,3,3.48,2
"2161",0,0,0,0,0,0,0,0,0,0,0,0,0,0,0,0,0,0,0,0,0,0,0,0,0,0,0,0,0,0,0,0,0,1,0,0,0,0,0,0,0,0,0,0,0,0,0,0,0,0,0,94,0,0,1,0,0,89.5,94,15.22,339.9,106,28.89,172.9,76,7.78,7.9,1,2.13,1
"186",0,0,0,0,0,0,0,0,0,0,0,0,0,0,0,0,0,0,0,0,0,0,0,0,0,0,0,0,0,0,0,0,1,0,0,0,0,0,0,0,0,0,0,0,0,0,0,0,0,0,0,73,1,0,0,0,0,214.3,145,36.43,268.5,135,22.82,241.2,92,10.85,10.8,13,2.92,1
"4826",0,0,0,0,0,0,0,0,0,0,0,0,1,0,0,0,0,0,0,0,0,0,0,0,0,0,0,0,0,0,0,0,0,0,0,0,0,0,0,0,0,0,0,0,0,0,0,0,0,0,0,83,0,0,1,0,0,197.6,105,33.59,177.5,96,15.09,126.8,100,5.71,9.2,1,2.48,3
"2140",0,0,0,0,0,0,0,0,0,0,0,0,0,0,0,0,0,0,0,0,0,0,0,0,0,0,0,0,0,0,0,0,0,0,0,0,0,0,0,0,0,0,0,0,0,1,0,0,0,0,0,92,0,1,1,0,0,252.3,120,42.89,207,112,17.6,284.6,95,12.81,12,5,3.24,3
"4745",0,0,0,0,0,0,0,0,0,0,0,0,0,1,0,0,0,0,0,0,0,0,0,0,0,0,0,0,0,0,0,0,0,0,0,0,0,0,0,0,0,0,0,0,0,0,0,0,0,0,0,43,1,0,0,0,0,253.6,110,43.11,253.3,92,21.53,161.3,103,7.26,10.2,3,2.75,3
"4398",0,0,0,0,0,0,0,0,0,0,0,0,0,0,0,0,0,0,0,0,0,0,0,0,0,0,0,0,0,0,0,0,0,0,0,1,0,0,0,0,0,0,0,0,0,0,0,0,0,0,0,69,0,1,0,0,0,221.6,88,37.67,231.8,87,19.7,211.7,116,9.53,8.6,9,2.32,1
"3170",0,0,0,0,0,0,0,0,0,0,0,0,0,1,0,0,0,0,0,0,0,0,0,0,0,0,0,0,0,0,0,0,0,0,0,0,0,0,0,0,0,0,0,0,0,0,0,0,0,0,0,78,1,0,0,0,0,103.5,115,17.6,117.9,102,10.02,201,94,9.05,12,3,3.24,4
"4809",0,0,0,0,0,0,0,0,0,0,0,0,0,1,0,0,0,0,0,0,0,0,0,0,0,0,0,0,0,0,0,0,0,0,0,0,0,0,0,0,0,0,0,0,0,0,0,0,0,0,0,145,1,0,0,0,0,219,98,37.23,176.1,109,14.97,166.3,132,7.48,6.8,3,1.84,2
"3064",0,0,0,0,0,0,1,0,0,0,0,0,0,0,0,0,0,0,0,0,0,0,0,0,0,0,0,0,0,0,0,0,0,0,0,0,0,0,0,0,0,0,0,0,0,0,0,0,0,0,0,63,0,0,0,1,25,190,137,32.3,116.6,76,9.91,141.5,110,6.37,12.2,2,3.29,1
"1651",0,0,0,0,0,0,0,0,0,0,0,0,0,0,0,0,0,0,0,0,0,0,0,0,0,0,0,0,0,0,0,0,0,0,0,0,1,0,0,0,0,0,0,0,0,0,0,0,0,0,0,91,0,0,0,1,31,273,78,46.41,215.5,98,18.32,104.7,114,4.71,9.6,2,2.59,1
"1717",0,0,0,0,0,0,0,0,0,0,0,0,0,0,0,0,0,0,0,0,0,1,0,0,0,0,0,0,0,0,0,0,0,0,0,0,0,0,0,0,0,0,0,0,0,0,0,0,0,0,0,36,0,1,0,1,25,152.8,110,25.98,242.8,67,20.64,147.4,74,6.63,9.1,2,2.46,1
"1972",0,0,0,0,0,0,0,0,0,0,0,0,0,0,0,0,1,0,0,0,0,0,0,0,0,0,0,0,0,0,0,0,0,0,0,0,0,0,0,0,0,0,0,0,0,0,0,0,0,0,0,74,1,0,0,1,32,174.6,107,29.68,310.6,115,26.4,234.7,92,10.56,9,4,2.43,1
"3882",0,0,0,0,0,0,0,0,0,0,1,0,0,0,0,0,0,0,0,0,0,0,0,0,0,0,0,0,0,0,0,0,0,0,0,0,0,0,0,0,0,0,0,0,0,0,0,0,0,0,0,162,0,0,0,1,21,205.2,128,34.88,231.7,128,19.69,180.3,100,8.11,10.6,3,2.86,2
"193",0,0,0,0,0,0,0,0,0,0,0,0,0,0,0,0,0,1,0,0,0,0,0,0,0,0,0,0,0,0,0,0,0,0,0,0,0,0,0,0,0,0,0,0,0,0,0,0,0,0,0,80,0,0,0,0,0,209.9,74,35.68,195.1,77,16.58,208.2,119,9.37,8.8,4,2.38,2
"3703",0,0,0,0,0,0,0,0,0,0,0,0,0,0,0,0,0,0,0,0,0,0,0,0,0,0,0,0,0,0,0,0,0,0,0,0,0,1,0,0,0,0,0,0,0,0,0,0,0,0,0,3,0,1,0,0,0,125.5,100,21.34,266.2,78,22.63,270.4,119,12.17,5.9,6,1.59,3
"3349",0,0,0,0,0,0,0,0,0,0,0,0,0,0,0,0,0,0,0,0,0,0,0,1,0,0,0,0,0,0,0,0,0,0,0,0,0,0,0,0,0,0,0,0,0,0,0,0,0,0,0,96,0,0,0,0,0,208.1,93,35.38,189.2,107,16.08,279.6,90,12.58,7.4,2,2,1
"847",0,0,0,0,0,0,0,0,0,0,0,0,0,0,0,0,0,0,0,0,0,0,0,0,0,0,0,0,0,1,0,0,0,0,0,0,0,0,0,0,0,0,0,0,0,0,0,0,0,0,0,96,1,0,0,0,0,180.6,92,30.7,190.9,114,16.23,295.6,125,13.3,10.3,4,2.78,1
"1291",0,0,0,0,1,0,0,0,0,0,0,0,0,0,0,0,0,0,0,0,0,0,0,0,0,0,0,0,0,0,0,0,0,0,0,0,0,0,0,0,0,0,0,0,0,0,0,0,0,0,0,92,0,0,0,0,0,249.4,118,42.4,211.5,95,17.98,169,116,7.61,9.1,3,2.46,0
"2542",0,0,0,0,0,0,0,0,0,0,0,0,0,0,0,0,0,1,0,0,0,0,0,0,0,0,0,0,0,0,0,0,0,0,0,0,0,0,0,0,0,0,0,0,0,0,0,0,0,0,0,73,0,0,0,0,0,94.9,121,16.13,253.2,83,21.52,175.1,86,7.88,14.2,2,3.83,2
"3338",0,0,0,0,0,0,0,0,0,0,0,0,0,0,0,0,0,0,0,0,0,0,0,0,0,0,0,0,0,0,0,0,0,0,0,0,0,0,0,0,1,0,0,0,0,0,0,0,0,0,0,108,1,0,0,0,0,197.4,78,33.56,124,101,10.54,204.5,107,9.2,7.7,4,2.08,2
"4855",0,0,0,0,0,0,0,0,0,0,0,0,0,0,0,0,0,0,0,0,0,0,0,0,0,0,0,0,0,0,0,0,0,0,0,0,0,0,0,1,0,0,0,0,0,0,0,0,0,0,0,158,0,1,0,0,0,245.1,68,41.67,195.8,100,16.64,244.2,80,10.99,11.5,4,3.11,2
"3751",0,0,0,0,0,0,0,0,0,0,0,0,0,0,0,0,0,0,0,0,0,0,0,0,0,0,0,0,1,0,0,0,0,0,0,0,0,0,0,0,0,0,0,0,0,0,0,0,0,0,0,141,1,0,0,0,0,208.5,129,35.45,190.3,86,16.18,144.7,93,6.51,12,9,3.24,1
"2797",0,0,0,0,0,0,0,0,0,0,0,1,0,0,0,0,0,0,0,0,0,0,0,0,0,0,0,0,0,0,0,0,0,0,0,0,0,0,0,0,0,0,0,0,0,0,0,0,0,0,0,24,1,0,0,0,0,235.6,132,40.05,115.9,129,9.85,185.4,136,8.34,16.2,2,4.37,0
"4195",0,0,0,0,0,0,0,0,0,0,0,0,0,0,0,0,0,0,0,0,0,0,0,0,1,0,0,0,0,0,0,0,0,0,0,0,0,0,0,0,0,0,0,0,0,0,0,0,0,0,0,97,0,1,0,0,0,80.7,99,13.72,262.3,93,22.3,214.6,130,9.66,8.8,3,2.38,0
"936",0,0,0,0,0,0,0,0,0,0,0,0,0,0,0,0,0,0,0,0,1,0,0,0,0,0,0,0,0,0,0,0,0,0,0,0,0,0,0,0,0,0,0,0,0,0,0,0,0,0,0,86,0,0,0,0,0,226.3,88,38.47,223,107,18.96,255.6,92,11.5,13,3,3.51,4
"1339",0,0,0,0,0,0,0,0,0,0,0,0,0,0,0,0,0,0,0,0,0,0,0,0,0,0,0,0,0,0,0,0,0,0,0,0,0,0,0,0,0,0,0,1,0,0,0,0,0,0,0,28,1,0,0,0,0,159.7,79,27.15,216.7,131,18.42,206.7,116,9.3,9.3,3,2.51,2
"4086",0,0,0,0,0,0,0,0,0,0,0,0,0,0,0,0,0,0,0,0,0,0,0,0,0,0,0,0,0,0,0,0,0,0,0,0,0,0,0,0,0,0,0,0,0,0,0,0,0,1,0,159,1,0,0,0,0,181,107,30.77,188.4,114,16.01,175.8,41,7.91,9.9,4,2.67,7
"3419",0,0,0,0,0,0,0,0,0,0,0,0,0,0,0,0,0,0,0,0,0,0,0,0,0,0,0,0,0,0,0,0,0,0,0,0,0,0,0,0,0,1,0,0,0,0,0,0,0,0,0,166,0,1,0,1,32,148.4,86,25.23,170.6,119,14.5,201.5,124,9.07,11.3,12,3.05,1
"1187",0,0,0,0,0,0,0,0,0,0,0,0,0,0,0,0,0,0,0,0,0,0,0,0,0,0,0,0,0,0,0,0,0,0,0,0,0,0,0,0,0,0,1,0,0,0,0,0,0,0,0,130,1,0,0,1,12,141.9,92,24.12,228.9,102,19.46,195.1,101,8.78,8.7,5,2.35,0
"212",0,0,0,1,0,0,0,0,0,0,0,0,0,0,0,0,0,0,0,0,0,0,0,0,0,0,0,0,0,0,0,0,0,0,0,0,0,0,0,0,0,0,0,0,0,0,0,0,0,0,0,144,0,1,1,0,0,203.5,100,34.6,247.6,103,21.05,194.3,94,8.74,11.9,11,3.21,0
"693",0,0,0,0,0,0,0,0,0,0,0,0,0,0,0,0,0,0,0,0,0,0,0,0,0,0,0,0,0,1,0,0,0,0,0,0,0,0,0,0,0,0,0,0,0,0,0,0,0,0,0,82,0,0,0,0,0,185.8,36,31.59,276.5,134,23.5,192.1,104,8.64,5.7,7,1.54,4
"1067",0,0,0,0,0,0,0,0,0,0,0,0,0,0,0,0,1,0,0,0,0,0,0,0,0,0,0,0,0,0,0,0,0,0,0,0,0,0,0,0,0,0,0,0,0,0,0,0,0,0,0,117,0,1,0,1,25,216,140,36.72,224.1,69,19.05,267.9,112,12.06,11.8,4,3.19,0
"2362",0,0,0,0,0,0,0,0,0,0,0,0,0,0,0,0,0,0,0,1,0,0,0,0,0,0,0,0,0,0,0,0,0,0,0,0,0,0,0,0,0,0,0,0,0,0,0,0,0,0,0,66,1,0,0,0,0,116.4,98,19.79,95.6,74,8.13,181.5,94,8.17,10.5,3,2.84,3
"973",0,0,0,0,0,0,0,0,0,0,0,0,0,0,0,0,0,0,1,0,0,0,0,0,0,0,0,0,0,0,0,0,0,0,0,0,0,0,0,0,0,0,0,0,0,0,0,0,0,0,0,87,1,0,0,0,0,228.7,90,38.88,163,99,13.86,154.1,90,6.93,11.8,3,3.19,1
"3543",0,0,0,0,0,0,0,0,0,0,0,0,0,0,0,0,0,0,0,0,0,0,0,1,0,0,0,0,0,0,0,0,0,0,0,0,0,0,0,0,0,0,0,0,0,0,0,0,0,0,0,93,1,0,0,0,0,172,80,29.24,219.1,76,18.62,169.8,108,7.64,10.3,3,2.78,0
"39",1,0,0,0,0,0,0,0,0,0,0,0,0,0,0,0,0,0,0,0,0,0,0,0,0,0,0,0,0,0,0,0,0,0,0,0,0,0,0,0,0,0,0,0,0,0,0,0,0,0,0,136,1,0,1,1,33,203.9,106,34.66,187.6,99,15.95,101.7,107,4.58,10.5,6,2.84,3
"1849",0,0,0,0,0,0,0,0,0,1,0,0,0,0,0,0,0,0,0,0,0,0,0,0,0,0,0,0,0,0,0,0,0,0,0,0,0,0,0,0,0,0,0,0,0,0,0,0,0,0,0,148,0,1,1,0,0,148.2,138,25.19,159.6,123,13.57,197.4,62,8.88,8.6,3,2.32,2
"2532",0,0,0,0,0,0,0,0,0,0,0,0,0,0,0,0,0,0,0,0,0,0,0,0,0,0,0,0,0,0,0,0,0,0,0,0,0,0,0,1,0,0,0,0,0,0,0,0,0,0,0,180,1,0,0,0,0,143.3,134,24.36,180.5,113,15.34,184.2,87,8.29,10.1,4,2.73,1
"8",0,0,0,0,0,0,0,0,0,0,0,0,0,0,0,0,0,0,0,0,0,0,0,0,1,0,0,0,0,0,0,0,0,0,0,0,0,0,0,0,0,0,0,0,0,0,0,0,0,0,0,147,1,0,1,0,0,157,79,26.69,103.1,94,8.76,211.8,96,9.53,7.1,6,1.92,0
"2862",0,0,0,0,1,0,0,0,0,0,0,0,0,0,0,0,0,0,0,0,0,0,0,0,0,0,0,0,0,0,0,0,0,0,0,0,0,0,0,0,0,0,0,0,0,0,0,0,0,0,0,75,1,0,0,1,19,210.3,90,35.75,241.8,87,20.55,215.7,102,9.71,13.1,3,3.54,4
"777",0,1,0,0,0,0,0,0,0,0,0,0,0,0,0,0,0,0,0,0,0,0,0,0,0,0,0,0,0,0,0,0,0,0,0,0,0,0,0,0,0,0,0,0,0,0,0,0,0,0,0,61,1,0,0,1,20,254.4,133,43.25,161.7,96,13.74,251.4,91,11.31,10.5,4,2.84,0
"1766",0,0,0,0,0,0,0,0,0,0,0,0,0,0,0,0,0,0,0,0,0,0,0,0,0,0,0,0,0,0,0,0,1,0,0,0,0,0,0,0,0,0,0,0,0,0,0,0,0,0,0,111,1,0,0,0,0,132.6,125,22.54,221.1,67,18.79,127.9,101,5.76,12.7,2,3.43,4
"3175",0,0,0,0,0,0,0,0,0,0,0,0,0,0,0,0,0,0,0,0,0,0,0,0,0,0,0,0,0,0,0,0,0,0,0,0,0,0,0,0,1,0,0,0,0,0,0,0,0,0,0,36,0,0,0,1,43,29.9,123,5.08,129.1,117,10.97,325.9,105,14.67,8.6,6,2.32,2
"3814",0,0,0,0,0,0,0,0,0,0,0,0,0,0,0,0,0,0,0,0,0,0,0,0,0,0,0,0,0,0,0,0,0,0,0,0,0,0,0,0,0,0,0,0,0,0,0,0,1,0,0,77,0,0,0,0,0,168.1,83,28.58,202,91,17.17,173.2,91,7.79,10,3,2.7,3
"2771",0,0,0,0,0,0,0,0,0,0,0,0,0,0,0,0,0,0,0,0,0,0,0,0,0,0,0,0,0,0,1,0,0,0,0,0,0,0,0,0,0,0,0,0,0,0,0,0,0,0,0,84,0,0,0,1,30,106.5,65,18.11,225.7,108,19.18,188.6,61,8.49,5.7,3,1.54,2
"1149",0,0,0,0,0,0,0,0,0,0,0,0,0,0,0,0,0,0,0,0,0,0,0,0,0,0,0,0,0,0,0,0,0,0,1,0,0,0,0,0,0,0,0,0,0,0,0,0,0,0,0,122,1,0,0,0,0,173.6,110,29.51,91.7,84,7.79,211.7,103,9.53,9.7,7,2.62,3
"443",0,0,1,0,0,0,0,0,0,0,0,0,0,0,0,0,0,0,0,0,0,0,0,0,0,0,0,0,0,0,0,0,0,0,0,0,0,0,0,0,0,0,0,0,0,0,0,0,0,0,0,59,0,1,0,1,29,133.1,114,22.63,221.2,82,18.8,131.6,103,5.92,6.8,3,1.84,1
"421",0,0,0,0,0,0,0,0,0,0,0,0,0,0,0,0,0,0,0,0,0,0,0,0,0,0,0,0,0,0,0,0,1,0,0,0,0,0,0,0,0,0,0,0,0,0,0,0,0,0,0,141,1,0,0,1,28,206.9,126,35.17,264.4,126,22.47,171.8,124,7.73,9.3,11,2.51,2
"1499",0,0,0,0,0,0,0,0,0,0,0,0,0,0,0,0,0,0,0,0,0,0,0,0,0,0,0,0,0,0,1,0,0,0,0,0,0,0,0,0,0,0,0,0,0,0,0,0,0,0,0,50,0,0,0,0,0,154.7,102,26.3,298,108,25.33,210.2,95,9.46,11.1,3,3,0
"3278",0,0,0,0,0,0,0,0,0,0,0,0,0,0,0,0,0,0,0,0,0,0,0,0,0,0,0,0,0,0,0,0,0,0,0,0,1,0,0,0,0,0,0,0,0,0,0,0,0,0,0,134,1,0,0,0,0,164.9,115,28.03,126.5,96,10.75,238.5,125,10.73,10,9,2.7,2
"2",0,0,0,0,0,0,0,0,0,0,0,0,0,0,0,0,0,0,0,0,0,0,0,0,0,0,0,0,0,0,0,0,0,0,0,1,0,0,0,0,0,0,0,0,0,0,0,0,0,0,0,107,1,0,0,1,26,161.6,123,27.47,195.5,103,16.62,254.4,103,11.45,13.7,3,3.7,1
"1024",0,0,1,0,0,0,0,0,0,0,0,0,0,0,0,0,0,0,0,0,0,0,0,0,0,0,0,0,0,0,0,0,0,0,0,0,0,0,0,0,0,0,0,0,0,0,0,0,0,0,0,100,0,1,0,0,0,142.5,87,24.23,195.7,88,16.63,122.1,117,5.49,7.8,8,2.11,2
"4579",0,0,1,0,0,0,0,0,0,0,0,0,0,0,0,0,0,0,0,0,0,0,0,0,0,0,0,0,0,0,0,0,0,0,0,0,0,0,0,0,0,0,0,0,0,0,0,0,0,0,0,116,0,0,0,0,0,85.8,88,14.59,115.8,112,9.84,195.9,91,8.82,11,2,2.97,1
"4542",0,0,0,0,0,0,0,0,0,0,0,0,0,0,0,0,0,0,1,0,0,0,0,0,0,0,0,0,0,0,0,0,0,0,0,0,0,0,0,0,0,0,0,0,0,0,0,0,0,0,0,34,0,0,0,0,0,151.1,92,25.69,211.7,86,17.99,205.8,72,9.26,9.8,4,2.65,0
"3601",0,0,0,0,0,0,0,0,0,0,0,0,0,0,0,0,0,0,0,0,0,0,0,0,1,0,0,0,0,0,0,0,0,0,0,0,0,0,0,0,0,0,0,0,0,0,0,0,0,0,0,104,0,1,0,0,0,189.3,73,32.18,156.2,120,13.28,232.2,76,10.45,7.5,8,2.03,3
"1634",0,0,0,0,0,0,0,0,0,0,0,0,0,0,0,0,0,0,0,0,0,0,0,0,0,0,0,0,0,0,0,0,0,0,1,0,0,0,0,0,0,0,0,0,0,0,0,0,0,0,0,87,1,0,0,0,0,204.8,101,34.82,161,80,13.69,285.7,89,12.86,9.5,3,2.57,0
"2526",0,0,0,0,0,0,0,0,0,0,0,0,0,0,0,0,0,0,0,0,0,0,0,0,0,0,0,0,0,0,0,0,0,0,0,0,0,0,0,0,0,0,1,0,0,0,0,0,0,0,0,95,0,1,0,0,0,174,57,29.58,281.1,118,23.89,197.2,94,8.87,9.7,2,2.62,0
"3647",0,0,0,0,0,0,0,0,0,0,0,0,0,0,0,0,0,0,0,0,0,0,0,1,0,0,0,0,0,0,0,0,0,0,0,0,0,0,0,0,0,0,0,0,0,0,0,0,0,0,0,167,1,0,1,0,0,143.7,108,24.43,75.6,111,6.43,217.9,99,9.81,9.9,4,2.67,0
"3035",0,0,0,0,0,0,0,0,0,0,0,0,0,0,0,0,0,0,0,0,0,0,0,0,0,0,0,0,0,0,0,1,0,0,0,0,0,0,0,0,0,0,0,0,0,0,0,0,0,0,0,75,1,0,0,1,42,248.9,93,42.31,170.8,108,14.52,104.5,91,4.7,11.2,8,3.02,1
"3069",0,0,0,0,0,0,0,0,0,0,0,0,0,0,0,0,0,0,0,0,0,0,0,0,0,0,0,0,0,0,0,0,0,0,0,0,0,0,0,0,1,0,0,0,0,0,0,0,0,0,0,78,1,0,0,1,21,160.6,85,27.3,223.1,79,18.96,124,92,5.58,9.5,1,2.57,2
"1064",0,0,0,0,0,0,0,0,0,0,0,1,0,0,0,0,0,0,0,0,0,0,0,0,0,0,0,0,0,0,0,0,0,0,0,0,0,0,0,0,0,0,0,0,0,0,0,0,0,0,0,101,0,1,0,0,0,93.8,127,15.95,150,104,12.75,241.1,116,10.85,10.7,2,2.89,1
"1061",0,0,0,0,0,0,0,0,0,0,0,0,0,0,0,0,0,0,0,0,0,0,0,0,0,0,0,0,0,0,0,0,0,0,0,1,0,0,0,0,0,0,0,0,0,0,0,0,0,0,0,124,0,1,0,0,0,193,97,32.81,89.8,99,7.63,172.8,104,7.78,15.3,3,4.13,1
"1905",0,0,0,0,0,0,0,0,0,0,0,0,0,0,0,0,0,0,0,0,0,0,0,0,0,0,0,0,0,0,0,0,0,0,0,0,0,0,0,0,0,0,0,0,0,0,0,1,0,0,0,174,0,0,0,1,33,167.8,91,28.53,205.3,91,17.45,130,132,5.85,14.5,4,3.92,4
"4615",0,0,0,0,0,0,0,0,0,0,0,0,0,0,0,0,0,0,0,0,0,0,0,0,0,0,0,0,0,0,0,0,0,0,0,0,0,0,0,0,0,0,0,0,0,0,1,0,0,0,0,67,0,0,0,1,33,127.5,126,21.68,296.1,129,25.17,200.9,91,9.04,13,3,3.51,1
"4977",0,0,0,0,0,0,0,0,0,0,0,0,0,0,0,0,0,1,0,0,0,0,0,0,0,0,0,0,0,0,0,0,0,0,0,0,0,0,0,0,0,0,0,0,0,0,0,0,0,0,0,145,0,0,0,0,0,135,122,22.95,206.3,88,17.54,210.4,90,9.47,19.7,4,5.32,0
"3621",0,0,0,0,0,0,0,0,0,0,0,0,0,0,0,0,0,0,0,0,0,0,0,0,0,0,0,0,0,0,0,0,0,0,0,1,0,0,0,0,0,0,0,0,0,0,0,0,0,0,0,160,1,0,0,0,0,237.1,126,40.31,238.4,127,20.26,181.3,100,8.16,10.7,8,2.89,2
"4989",0,0,0,0,0,0,0,0,0,0,0,0,0,0,0,0,0,0,0,0,0,0,0,0,0,0,0,0,0,0,0,0,0,0,0,0,0,0,0,0,0,0,0,0,0,0,0,1,0,0,0,80,0,1,0,0,0,157,101,26.69,208.8,127,17.75,113.3,109,5.1,16.2,2,4.37,2
"2621",0,0,0,0,0,0,0,0,0,0,0,0,0,0,0,0,0,0,0,0,0,0,0,0,0,0,0,0,0,0,0,0,0,0,0,0,0,0,0,0,0,0,1,0,0,0,0,0,0,0,0,115,1,0,0,0,0,206.2,113,35.05,176.4,102,14.99,297.1,119,13.37,11,7,2.97,1
"12",0,0,0,0,0,0,0,0,0,0,0,0,0,0,0,0,0,0,0,0,0,0,0,0,0,0,0,0,0,0,0,0,0,0,0,0,0,0,0,1,0,0,0,0,0,0,0,0,0,0,0,74,1,0,0,0,0,187.7,127,31.91,163.4,148,13.89,196,94,8.82,9.1,5,2.46,0
"2978",0,0,0,0,0,0,0,0,0,0,0,0,0,0,0,0,0,0,0,0,0,0,0,0,0,0,1,0,0,0,0,0,0,0,0,0,0,0,0,0,0,0,0,0,0,0,0,0,0,0,0,132,0,0,0,0,0,195.1,100,33.17,148.8,95,12.65,224.5,117,10.1,6.7,2,1.81,0
"4092",0,0,0,0,0,0,0,0,0,0,0,0,0,0,0,0,0,0,0,0,0,0,0,0,0,0,1,0,0,0,0,0,0,0,0,0,0,0,0,0,0,0,0,0,0,0,0,0,0,0,0,88,0,0,0,0,0,242.4,89,41.21,161.4,89,13.72,142.4,95,6.41,5.4,2,1.46,1
"3674",0,0,0,0,0,0,0,0,0,0,0,0,0,0,0,0,0,0,0,0,0,0,0,0,0,0,0,0,0,0,1,0,0,0,0,0,0,0,0,0,0,0,0,0,0,0,0,0,0,0,0,171,1,0,0,0,0,262.1,78,44.56,171.6,113,14.59,208.7,100,9.39,5.3,3,1.43,0
"2213",0,1,0,0,0,0,0,0,0,0,0,0,0,0,0,0,0,0,0,0,0,0,0,0,0,0,0,0,0,0,0,0,0,0,0,0,0,0,0,0,0,0,0,0,0,0,0,0,0,0,0,8,1,0,0,1,36,242.9,67,41.29,170.9,59,14.53,177.3,130,7.98,4.8,12,1.3,1
"2618",0,0,0,0,0,0,0,0,0,0,0,0,0,0,0,0,0,0,0,0,0,0,0,0,0,0,0,0,0,0,0,0,0,0,0,0,0,0,0,0,0,1,0,0,0,0,0,0,0,0,0,64,1,0,0,0,0,174.5,98,29.67,180.2,103,15.32,179,89,8.06,10.7,2,2.89,2
"2626",0,0,1,0,0,0,0,0,0,0,0,0,0,0,0,0,0,0,0,0,0,0,0,0,0,0,0,0,0,0,0,0,0,0,0,0,0,0,0,0,0,0,0,0,0,0,0,0,0,0,0,88,0,0,0,0,0,152.9,119,25.99,171.2,107,14.55,257,106,11.57,12,5,3.24,2
"7",0,0,0,0,0,0,0,0,0,0,0,0,0,0,0,0,0,0,0,1,0,0,0,0,0,0,0,0,0,0,0,0,0,0,0,0,0,0,0,0,0,0,0,0,0,0,0,0,0,0,0,121,0,1,0,1,24,218.2,88,37.09,348.5,108,29.62,212.6,118,9.57,7.5,7,2.03,3
"1737",0,0,0,0,0,0,0,0,0,0,0,0,0,0,0,0,0,0,0,0,0,0,0,0,0,0,0,0,0,0,0,0,0,1,0,0,0,0,0,0,0,0,0,0,0,0,0,0,0,0,0,115,1,0,0,0,0,286.4,125,48.69,205.7,74,17.48,191.4,141,8.61,6.9,6,1.86,1
"2989",0,0,0,0,0,0,0,0,0,0,0,0,0,0,0,0,0,0,0,0,0,0,0,0,0,0,0,0,0,0,0,0,0,0,0,0,0,0,0,0,0,0,0,0,0,1,0,0,0,0,0,105,1,0,0,0,0,259.3,96,44.08,175.2,97,14.89,222.4,36,10.01,12,5,3.24,3
"4047",0,0,0,0,0,0,0,0,0,0,0,0,0,0,0,0,0,0,0,0,0,0,0,0,0,0,1,0,0,0,0,0,0,0,0,0,0,0,0,0,0,0,0,0,0,0,0,0,0,0,0,73,1,0,0,1,33,129.8,112,22.07,225.3,96,19.15,262.5,104,11.81,8.6,3,2.32,1
"1741",0,0,0,0,0,0,0,0,0,0,0,0,0,0,0,0,0,0,0,0,0,0,0,0,0,0,0,0,1,0,0,0,0,0,0,0,0,0,0,0,0,0,0,0,0,0,0,0,0,0,0,153,1,0,0,1,31,218.5,130,37.15,134.2,103,11.41,118.9,105,5.35,9.4,6,2.54,0
"2004",0,0,0,0,0,0,0,0,0,0,0,0,0,0,0,0,0,0,0,0,0,0,0,0,0,0,0,0,0,0,0,0,0,0,0,0,0,1,0,0,0,0,0,0,0,0,0,0,0,0,0,33,1,0,1,0,0,190.6,100,32.4,161.7,104,13.74,189.9,136,8.55,13,6,3.51,1
"2798",0,0,0,0,0,0,0,0,0,0,0,0,0,0,0,0,0,0,0,0,0,0,0,0,0,0,0,1,0,0,0,0,0,0,0,0,0,0,0,0,0,0,0,0,0,0,0,0,0,0,0,169,0,0,0,0,0,142.5,82,24.23,231.4,110,19.67,131.2,67,5.9,10,4,2.7,2
"2876",0,0,0,0,0,0,0,0,0,0,0,0,0,0,0,0,0,0,1,0,0,0,0,0,0,0,0,0,0,0,0,0,0,0,0,0,0,0,0,0,0,0,0,0,0,0,0,0,0,0,0,123,0,1,0,1,32,212.3,77,36.09,251.5,78,21.38,208.7,85,9.39,6.6,2,1.78,3
"3510",0,0,0,0,0,0,0,1,0,0,0,0,0,0,0,0,0,0,0,0,0,0,0,0,0,0,0,0,0,0,0,0,0,0,0,0,0,0,0,0,0,0,0,0,0,0,0,0,0,0,0,59,1,0,0,1,26,205.4,68,34.92,115,115,9.78,214.7,130,9.66,9.4,2,2.54,5
"1926",0,0,0,0,0,0,0,0,0,0,0,0,0,0,0,0,0,0,0,0,0,0,0,0,0,0,0,0,0,0,0,1,0,0,0,0,0,0,0,0,0,0,0,0,0,0,0,0,0,0,0,84,1,0,0,0,0,190.2,102,32.33,197.7,141,16.8,247.5,102,11.14,9.8,6,2.65,2
"4481",0,0,0,0,0,0,0,0,0,0,0,0,0,0,0,0,0,0,0,0,0,0,0,0,0,0,0,0,0,0,0,0,0,0,1,0,0,0,0,0,0,0,0,0,0,0,0,0,0,0,0,114,0,0,0,0,0,139.8,152,23.77,215.9,76,18.35,96.9,111,4.36,7.9,10,2.13,2
"4691",0,0,0,0,0,0,0,0,0,0,0,0,0,0,0,0,0,0,0,0,0,0,0,1,0,0,0,0,0,0,0,0,0,0,0,0,0,0,0,0,0,0,0,0,0,0,0,0,0,0,0,138,0,1,0,0,0,54.8,123,9.32,147.5,76,12.54,173.6,119,7.81,11.5,1,3.11,1
"1138",0,0,0,0,0,0,0,0,0,0,0,0,0,0,0,0,0,0,0,0,0,0,0,0,0,0,0,0,0,0,0,0,0,0,0,0,0,0,0,0,0,0,0,1,0,0,0,0,0,0,0,19,0,1,0,1,34,156.6,97,26.62,224.2,97,19.06,260.9,135,11.74,11.3,1,3.05,1
"3530",0,0,0,0,0,0,0,0,1,0,0,0,0,0,0,0,0,0,0,0,0,0,0,0,0,0,0,0,0,0,0,0,0,0,0,0,0,0,0,0,0,0,0,0,0,0,0,0,0,0,0,148,0,1,0,0,0,230.6,92,39.2,185.6,97,15.78,183.2,79,8.24,6.2,4,1.67,2
"4401",0,0,0,0,0,0,0,0,0,0,0,0,0,0,0,0,0,0,0,0,0,0,0,0,0,0,0,0,0,0,0,0,0,0,0,0,0,0,1,0,0,0,0,0,0,0,0,0,0,0,0,86,0,1,0,0,0,212.8,79,36.18,90.9,145,7.73,152.3,67,6.85,11.9,3,3.21,2
"2939",0,0,0,0,0,0,0,0,0,0,0,0,0,0,0,0,0,0,0,0,0,0,0,0,0,0,0,0,0,1,0,0,0,0,0,0,0,0,0,0,0,0,0,0,0,0,0,0,0,0,0,31,1,0,0,0,0,97.5,129,16.58,260.4,78,22.13,88.7,100,3.99,7,5,1.89,1
"3075",0,0,0,0,0,0,0,0,0,0,0,0,0,0,0,0,0,0,0,0,0,0,0,0,0,0,0,0,0,0,0,0,0,0,0,0,0,0,0,0,0,0,0,0,0,0,0,0,0,1,0,113,0,1,0,0,0,72.5,88,12.33,204,112,17.34,117.9,118,5.31,6.6,3,1.78,1
"4563",0,0,0,0,0,0,0,0,0,0,0,0,0,0,0,0,0,0,0,0,0,0,0,0,0,0,0,0,0,0,0,0,1,0,0,0,0,0,0,0,0,0,0,0,0,0,0,0,0,0,0,42,1,0,0,0,0,137.9,160,23.44,234.9,107,19.97,166.6,70,7.5,14.3,3,3.86,5
"4139",0,0,0,0,0,0,0,0,0,0,0,0,0,0,0,0,0,1,0,0,0,0,0,0,0,0,0,0,0,0,0,0,0,0,0,0,0,0,0,0,0,0,0,0,0,0,0,0,0,0,0,102,1,0,1,0,0,209.8,85,35.67,165.7,100,14.08,230.1,92,10.35,8.7,6,2.35,0
"2821",0,0,0,0,0,0,0,0,0,0,0,0,0,0,1,0,0,0,0,0,0,0,0,0,0,0,0,0,0,0,0,0,0,0,0,0,0,0,0,0,0,0,0,0,0,0,0,0,0,0,0,74,0,1,0,1,27,154.1,122,26.2,195.3,150,16.6,276.7,86,12.45,13.2,2,3.56,4
"3996",0,0,0,0,0,0,0,0,0,0,0,0,0,0,0,0,0,1,0,0,0,0,0,0,0,0,0,0,0,0,0,0,0,0,0,0,0,0,0,0,0,0,0,0,0,0,0,0,0,0,0,150,1,0,0,1,24,195.7,108,33.27,208.8,110,17.75,177,84,7.97,11.7,2,3.16,2
"554",0,0,0,0,0,0,0,0,0,0,0,0,0,0,0,0,0,0,0,0,0,0,0,0,0,0,0,0,0,0,0,0,0,0,0,0,0,0,0,0,0,0,0,0,1,0,0,0,0,0,0,61,0,1,1,0,0,78.2,103,13.29,195.9,149,16.65,108,100,4.86,10.1,6,2.73,2
"3718",0,0,0,0,0,0,0,0,0,1,0,0,0,0,0,0,0,0,0,0,0,0,0,0,0,0,0,0,0,0,0,0,0,0,0,0,0,0,0,0,0,0,0,0,0,0,0,0,0,0,0,185,0,1,0,1,24,121.6,100,20.67,108.3,77,9.21,206.3,98,9.28,12.3,2,3.32,5
"3032",0,0,0,0,0,0,0,0,0,0,0,0,0,0,0,0,0,1,0,0,0,0,0,0,0,0,0,0,0,0,0,0,0,0,0,0,0,0,0,0,0,0,0,0,0,0,0,0,0,0,0,64,1,0,1,0,0,146.7,83,24.94,148.3,91,12.61,238.6,69,10.74,12.5,3,3.38,3
"722",0,0,0,0,0,0,0,0,0,0,0,0,0,0,0,0,0,0,0,0,0,0,0,0,0,0,0,0,0,0,0,0,0,0,0,0,0,0,0,0,0,0,0,0,1,0,0,0,0,0,0,103,0,1,0,1,36,87.2,92,14.82,169.3,110,14.39,166.7,80,7.5,10.9,5,2.94,6
"391",0,0,0,0,0,0,0,0,0,0,0,0,0,0,0,0,0,0,0,0,0,0,0,0,0,0,0,0,0,0,0,0,0,0,0,0,0,0,0,0,0,0,0,0,0,0,0,0,0,1,0,43,1,0,0,0,0,168.4,125,28.63,243.8,89,20.72,214.7,102,9.66,11.1,2,3,1
"2255",0,0,0,0,0,0,0,0,0,1,0,0,0,0,0,0,0,0,0,0,0,0,0,0,0,0,0,0,0,0,0,0,0,0,0,0,0,0,0,0,0,0,0,0,0,0,0,0,0,0,0,97,1,0,0,1,28,202.3,97,34.39,69.2,84,5.88,257.6,64,11.59,6.7,3,1.81,1
"3786",0,0,0,0,0,0,0,0,0,0,0,0,0,0,0,0,0,0,0,0,0,0,0,0,0,0,0,0,0,0,0,1,0,0,0,0,0,0,0,0,0,0,0,0,0,0,0,0,0,0,0,126,1,0,0,0,0,167.1,138,28.41,154.4,93,13.12,244.5,148,11,13.7,10,3.7,3
"3563",0,0,0,0,0,0,0,0,0,0,0,0,0,0,0,0,0,0,0,0,0,0,0,0,0,0,0,0,0,0,0,0,0,0,0,0,0,0,0,0,0,0,0,0,0,0,0,0,0,1,0,66,1,0,0,0,0,180.4,99,30.67,135.1,114,11.48,206,98,9.27,9.5,6,2.57,1
"3968",0,0,0,0,0,0,0,0,0,0,0,0,0,0,0,0,0,0,0,0,0,0,0,0,0,0,0,0,0,0,0,0,0,0,0,0,0,0,0,0,0,0,0,0,1,0,0,0,0,0,0,91,0,1,0,0,0,142.6,90,24.24,286.8,102,24.38,222.2,113,10,14.8,3,4,0
"826",0,0,0,0,0,0,0,0,0,0,0,0,0,0,0,0,0,0,0,0,0,0,0,0,1,0,0,0,0,0,0,0,0,0,0,0,0,0,0,0,0,0,0,0,0,0,0,0,0,0,0,74,1,0,0,0,0,172.1,105,29.26,211.7,99,17.99,182.2,105,8.2,11.6,6,3.13,1
"4585",0,0,0,0,0,0,0,0,0,0,0,0,0,0,0,0,0,0,0,0,0,0,0,0,0,0,0,0,0,0,0,0,0,0,0,0,0,0,0,0,0,0,0,0,0,0,0,0,0,0,1,25,0,0,0,0,0,199.2,80,33.86,123.2,84,10.47,82.3,77,3.7,9.6,4,2.59,2
"1425",0,0,0,0,0,0,0,0,0,0,0,0,0,0,0,0,0,0,0,0,0,0,0,0,0,0,0,0,0,0,0,0,0,0,0,0,0,0,0,0,0,0,0,0,0,0,0,1,0,0,0,78,0,0,0,0,0,140.7,77,23.92,195.2,114,16.59,252.9,107,11.38,11.7,5,3.16,0
"724",0,0,0,0,0,0,0,0,0,0,0,0,0,0,0,0,0,0,0,0,0,0,1,0,0,0,0,0,0,0,0,0,0,0,0,0,0,0,0,0,0,0,0,0,0,0,0,0,0,0,0,78,0,1,0,0,0,137.4,109,23.36,237.6,49,20.2,206.7,136,9.3,14,11,3.78,3
"3489",0,0,0,0,0,0,0,0,0,0,0,0,0,0,0,0,0,1,0,0,0,0,0,0,0,0,0,0,0,0,0,0,0,0,0,0,0,0,0,0,0,0,0,0,0,0,0,0,0,0,0,131,0,0,0,1,29,239.7,102,40.75,212.8,109,18.09,187.7,77,8.45,10.5,2,2.84,1
"1572",0,0,0,0,0,0,0,0,0,0,0,0,0,0,1,0,0,0,0,0,0,0,0,0,0,0,0,0,0,0,0,0,0,0,0,0,0,0,0,0,0,0,0,0,0,0,0,0,0,0,0,179,0,0,0,0,0,234.5,134,39.87,164.2,94,13.96,191.4,72,8.61,6.1,4,1.65,1
"3776",0,0,0,0,0,0,0,0,0,0,0,0,0,0,0,0,0,0,0,0,0,0,0,0,0,0,0,0,0,0,0,1,0,0,0,0,0,0,0,0,0,0,0,0,0,0,0,0,0,0,0,83,0,0,0,0,0,48.4,105,8.23,139.7,86,11.87,154.1,80,6.93,11.5,4,3.11,2
"1912",0,0,0,0,0,1,0,0,0,0,0,0,0,0,0,0,0,0,0,0,0,0,0,0,0,0,0,0,0,0,0,0,0,0,0,0,0,0,0,0,0,0,0,0,0,0,0,0,0,0,0,118,0,0,0,0,0,188.8,60,32.1,217.4,64,18.48,220.1,100,9.9,8.2,7,2.21,4
"3289",0,0,0,0,0,0,0,0,0,0,0,0,0,0,0,0,0,0,0,0,0,0,0,0,0,0,0,0,0,0,0,0,0,0,0,0,0,0,0,0,1,0,0,0,0,0,0,0,0,0,0,78,1,0,0,0,0,109.5,105,18.62,286.1,90,24.32,247.6,113,11.14,4.9,9,1.32,1
"3759",0,0,0,0,0,0,0,0,0,0,0,0,0,1,0,0,0,0,0,0,0,0,0,0,0,0,0,0,0,0,0,0,0,0,0,0,0,0,0,0,0,0,0,0,0,0,0,0,0,0,0,89,1,0,0,1,15,274,83,46.58,192.2,97,16.34,125.9,141,5.67,11.9,2,3.21,0
"911",0,0,0,0,0,0,0,0,0,0,0,0,0,0,0,0,0,0,0,0,0,0,0,0,0,0,0,0,0,0,0,1,0,0,0,0,0,0,0,0,0,0,0,0,0,0,0,0,0,0,0,42,1,0,0,1,32,163.8,80,27.85,177.8,123,15.11,190.4,106,8.57,8.1,5,2.19,0
"141",0,0,0,0,0,0,0,0,1,0,0,0,0,0,0,0,0,0,0,0,0,0,0,0,0,0,0,0,0,0,0,0,0,0,0,0,0,0,0,0,0,0,0,0,0,0,0,0,0,0,0,110,0,1,0,0,0,148.5,115,25.25,276.4,84,23.49,193.6,112,8.71,12.4,3,3.35,1
"658",1,0,0,0,0,0,0,0,0,0,0,0,0,0,0,0,0,0,0,0,0,0,0,0,0,0,0,0,0,0,0,0,0,0,0,0,0,0,0,0,0,0,0,0,0,0,0,0,0,0,0,130,1,0,0,0,0,242.5,101,41.23,102.8,114,8.74,142.4,89,6.41,9.3,2,2.51,2
"3293",0,0,0,0,0,0,0,0,0,0,0,0,0,0,0,1,0,0,0,0,0,0,0,0,0,0,0,0,0,0,0,0,0,0,0,0,0,0,0,0,0,0,0,0,0,0,0,0,0,0,0,114,0,0,0,0,0,203.8,85,34.65,87.8,110,7.46,166.2,122,7.48,11.7,4,3.16,1
"4525",1,0,0,0,0,0,0,0,0,0,0,0,0,0,0,0,0,0,0,0,0,0,0,0,0,0,0,0,0,0,0,0,0,0,0,0,0,0,0,0,0,0,0,0,0,0,0,0,0,0,0,146,0,1,1,0,0,163.5,85,27.8,224.8,149,19.11,253.1,116,11.39,9.8,4,2.65,1
"2664",0,0,0,0,0,0,0,0,0,0,0,0,0,0,0,0,0,0,0,0,0,0,0,0,0,0,0,0,0,0,0,0,0,0,0,0,0,0,0,0,0,0,0,0,0,1,0,0,0,0,0,172,0,1,0,0,0,169.8,123,28.87,183.1,94,15.56,395,72,17.77,12.7,7,3.43,2
"2912",0,0,0,0,0,0,0,0,0,0,0,0,0,0,0,0,0,0,0,0,0,0,0,0,0,0,0,0,0,0,0,0,1,0,0,0,0,0,0,0,0,0,0,0,0,0,0,0,0,0,0,127,1,0,1,0,0,256.5,87,43.61,222.1,101,18.88,156.7,122,7.05,13,3,3.51,1
"953",0,0,0,0,0,0,0,0,0,0,0,0,0,0,0,0,0,0,0,0,0,0,0,0,0,0,0,0,0,0,0,0,0,0,0,0,0,0,1,0,0,0,0,0,0,0,0,0,0,0,0,53,1,0,0,0,0,205.1,86,34.87,160.5,95,13.64,149.5,142,6.73,10.7,2,2.89,3
"2589",0,0,0,0,0,0,0,0,0,0,0,0,0,0,0,0,0,0,0,0,0,0,1,0,0,0,0,0,0,0,0,0,0,0,0,0,0,0,0,0,0,0,0,0,0,0,0,0,0,0,0,53,0,1,0,1,37,167.3,99,28.44,194.7,99,16.55,236.7,112,10.65,12,9,3.24,2
"869",0,0,0,0,0,0,0,0,0,0,0,0,0,0,0,0,0,0,0,0,1,0,0,0,0,0,0,0,0,0,0,0,0,0,0,0,0,0,0,0,0,0,0,0,0,0,0,0,0,0,0,42,0,0,0,0,0,196.5,89,33.41,241.3,123,20.51,143.2,105,6.44,4,7,1.08,0
"2185",0,0,0,0,0,0,0,0,0,0,0,0,0,1,0,0,0,0,0,0,0,0,0,0,0,0,0,0,0,0,0,0,0,0,0,0,0,0,0,0,0,0,0,0,0,0,0,0,0,0,0,92,1,0,0,1,31,172.3,116,29.29,266.2,91,22.63,228.2,90,10.27,11.8,5,3.19,1
"1533",0,0,0,0,1,0,0,0,0,0,0,0,0,0,0,0,0,0,0,0,0,0,0,0,0,0,0,0,0,0,0,0,0,0,0,0,0,0,0,0,0,0,0,0,0,0,0,0,0,0,0,103,1,0,0,1,18,149.9,84,25.48,170.9,84,14.53,171.5,112,7.72,11.5,7,3.11,0
"562",0,0,0,0,0,0,0,0,0,0,0,0,0,0,0,0,0,0,0,0,0,0,0,0,0,0,0,0,0,0,0,0,0,0,0,0,0,0,0,1,0,0,0,0,0,0,0,0,0,0,0,53,0,0,0,1,18,146.8,107,24.96,310,84,26.35,178.7,130,8.04,7.2,7,1.94,0
"900",0,0,0,0,0,0,0,0,0,0,0,0,0,0,0,0,0,0,0,0,0,0,0,0,0,0,0,0,0,0,0,0,0,0,0,0,0,0,0,0,0,0,0,0,0,1,0,0,0,0,0,89,1,0,0,1,32,209.9,113,35.68,249.8,104,21.23,224.2,92,10.09,8.7,7,2.35,1
"3525",0,0,0,0,0,0,0,0,0,0,0,0,0,0,0,0,0,0,0,0,0,0,0,0,0,0,0,0,0,0,0,0,0,0,0,0,0,0,0,0,0,0,0,0,0,1,0,0,0,0,0,71,1,0,0,1,49,174,122,29.58,168.6,85,14.33,132.1,120,5.94,7.8,4,2.11,1
"1989",0,0,0,1,0,0,0,0,0,0,0,0,0,0,0,0,0,0,0,0,0,0,0,0,0,0,0,0,0,0,0,0,0,0,0,0,0,0,0,0,0,0,0,0,0,0,0,0,0,0,0,59,0,0,0,0,0,150.2,70,25.53,185.7,98,15.78,212.5,128,9.56,12.1,2,3.27,1
"2000",0,0,0,0,0,0,0,0,0,0,0,0,0,0,0,0,0,0,0,0,0,0,0,0,0,0,0,0,0,0,0,0,0,0,0,0,0,0,0,0,0,0,0,0,0,0,0,0,0,0,1,160,0,0,0,0,0,82.7,116,14.06,194.6,95,16.54,159,54,7.15,10.9,9,2.94,0
"2319",0,0,0,0,0,0,0,0,0,0,0,0,0,0,0,0,0,0,0,0,0,0,0,0,0,0,0,0,0,0,0,0,0,0,0,0,0,0,0,0,0,0,0,0,0,0,0,0,0,1,0,106,0,1,0,0,0,194.8,133,33.12,213.4,73,18.14,190.8,92,8.59,11.5,7,3.11,0
"2064",0,0,0,0,0,0,0,0,0,0,0,0,0,0,0,0,0,0,0,0,1,0,0,0,0,0,0,0,0,0,0,0,0,0,0,0,0,0,0,0,0,0,0,0,0,0,0,0,0,0,0,90,1,0,0,0,0,114.4,122,19.45,127.7,154,10.85,253.1,109,11.39,10.1,5,2.73,2
"659",0,0,0,0,0,0,0,0,0,0,0,0,0,0,0,0,0,0,0,0,0,0,0,0,0,0,0,0,0,0,0,0,0,0,0,0,0,0,0,0,0,0,0,0,0,1,0,0,0,0,0,34,1,0,0,0,0,151,102,25.67,131.4,101,11.17,186.6,86,8.4,9.9,7,2.67,0
"3979",0,0,0,0,0,0,0,0,0,0,1,0,0,0,0,0,0,0,0,0,0,0,0,0,0,0,0,0,0,0,0,0,0,0,0,0,0,0,0,0,0,0,0,0,0,0,0,0,0,0,0,111,0,0,1,0,0,159.4,47,27.1,269.3,53,22.89,179.8,103,8.09,13.7,2,3.7,2
"2857",0,0,0,0,0,0,0,0,0,0,0,0,1,0,0,0,0,0,0,0,0,0,0,0,0,0,0,0,0,0,0,0,0,0,0,0,0,0,0,0,0,0,0,0,0,0,0,0,0,0,0,123,1,0,0,0,0,204.4,88,34.75,137.5,111,11.69,226,100,10.17,10,4,2.7,0
"3831",0,0,0,0,0,0,0,0,1,0,0,0,0,0,0,0,0,0,0,0,0,0,0,0,0,0,0,0,0,0,0,0,0,0,0,0,0,0,0,0,0,0,0,0,0,0,0,0,0,0,0,60,0,1,0,0,0,230.7,66,39.22,165.4,65,14.06,309.1,139,13.91,13.3,10,3.59,1
"3708",0,0,0,0,0,0,0,0,0,0,0,0,0,0,0,0,0,0,0,0,0,0,0,0,0,0,0,0,0,0,1,0,0,0,0,0,0,0,0,0,0,0,0,0,0,0,0,0,0,0,0,74,0,1,0,0,0,233.6,72,39.71,168,103,14.28,276.3,71,12.43,6.3,2,1.7,2
"4426",0,0,0,0,0,0,0,0,0,0,0,0,0,0,0,0,0,0,0,0,0,0,0,1,0,0,0,0,0,0,0,0,0,0,0,0,0,0,0,0,0,0,0,0,0,0,0,0,0,0,0,85,1,0,0,0,0,234.5,113,39.87,237.3,116,20.17,122.7,110,5.52,12.9,3,3.48,4
"4158",0,0,0,0,0,0,0,0,0,0,0,0,0,0,0,0,0,0,0,0,0,0,0,0,0,0,0,0,0,0,0,0,0,0,0,0,0,1,0,0,0,0,0,0,0,0,0,0,0,0,0,174,1,0,0,0,0,222.3,102,37.79,173.8,123,14.77,297.2,97,13.37,5.7,2,1.54,0
"1528",0,0,0,0,0,0,0,0,0,0,0,0,1,0,0,0,0,0,0,0,0,0,0,0,0,0,0,0,0,0,0,0,0,0,0,0,0,0,0,0,0,0,0,0,0,0,0,0,0,0,0,36,0,1,0,0,0,117.1,94,19.91,235.4,117,20.01,221.3,108,9.96,9,2,2.43,0
"1249",0,0,0,0,0,0,0,0,0,0,0,0,0,0,0,0,0,0,0,0,0,0,0,0,0,0,0,0,0,0,0,0,0,0,0,0,0,0,1,0,0,0,0,0,0,0,0,0,0,0,0,101,1,0,1,0,0,193.7,108,32.93,186.6,98,15.86,223,100,10.04,11.6,8,3.13,0
"3575",0,0,0,0,0,0,0,0,0,0,0,0,0,0,0,0,0,0,0,0,0,0,0,0,0,0,0,0,0,0,0,0,0,0,0,0,1,0,0,0,0,0,0,0,0,0,0,0,0,0,0,177,1,0,0,1,21,234,108,39.78,238,61,20.23,201.9,125,9.09,8.8,4,2.38,0
"3599",0,0,0,0,0,0,0,0,0,0,0,0,0,0,0,0,0,0,0,0,0,0,0,0,0,0,0,0,0,0,0,1,0,0,0,0,0,0,0,0,0,0,0,0,0,0,0,0,0,0,0,139,1,0,0,0,0,63.3,116,10.76,177.3,113,15.07,171.6,82,7.72,14.2,4,3.83,1
"4419",0,0,0,0,0,0,0,0,0,0,0,0,0,0,0,0,0,0,0,0,0,0,0,0,0,0,0,0,0,1,0,0,0,0,0,0,0,0,0,0,0,0,0,0,0,0,0,0,0,0,0,90,1,0,0,0,0,114.4,108,19.45,232.8,150,19.79,198.1,78,8.91,8.9,3,2.4,0
"3818",0,0,0,0,0,0,0,0,0,0,0,0,0,1,0,0,0,0,0,0,0,0,0,0,0,0,0,0,0,0,0,0,0,0,0,0,0,0,0,0,0,0,0,0,0,0,0,0,0,0,0,40,0,1,0,0,0,146.4,105,24.89,196.4,143,16.69,235.6,123,10.6,9.4,3,2.54,3
"642",0,0,0,0,0,0,0,0,0,0,0,0,0,0,0,0,0,0,0,0,0,0,0,0,0,0,0,0,0,0,0,0,0,0,0,0,0,0,0,0,0,0,0,0,0,1,0,0,0,0,0,74,0,0,0,0,0,165.3,120,28.1,198.5,106,16.87,208.5,102,9.38,9.8,3,2.65,1
"1385",0,0,0,0,0,0,1,0,0,0,0,0,0,0,0,0,0,0,0,0,0,0,0,0,0,0,0,0,0,0,0,0,0,0,0,0,0,0,0,0,0,0,0,0,0,0,0,0,0,0,0,141,0,0,0,0,0,51.9,108,8.82,162,83,13.77,223.5,115,10.06,10.1,3,2.73,3
"937",0,0,0,0,0,0,0,0,0,0,0,0,0,0,0,0,0,0,0,0,0,0,0,0,0,0,0,0,0,1,0,0,0,0,0,0,0,0,0,0,0,0,0,0,0,0,0,0,0,0,0,91,0,1,0,1,37,162.3,107,27.59,233.9,115,19.88,277.4,94,12.48,9.2,4,2.48,0
"3771",0,0,0,0,0,0,0,0,0,0,0,0,0,0,0,0,0,0,0,0,0,0,0,0,0,0,0,0,0,0,0,0,0,0,1,0,0,0,0,0,0,0,0,0,0,0,0,0,0,0,0,112,0,1,0,0,0,172.1,73,29.26,228,136,19.38,269.4,96,12.12,14.1,3,3.81,2
"620",0,0,0,0,0,0,0,0,0,0,0,0,0,0,0,0,1,0,0,0,0,0,0,0,0,0,0,0,0,0,0,0,0,0,0,0,0,0,0,0,0,0,0,0,0,0,0,0,0,0,0,110,1,0,1,0,0,293.3,79,49.86,188.5,90,16.02,266.9,91,12.01,14.5,4,3.92,0
"621",0,0,0,0,0,0,0,0,0,0,0,0,0,0,0,0,1,0,0,0,0,0,0,0,0,0,0,0,0,0,0,0,0,0,0,0,0,0,0,0,0,0,0,0,0,0,0,0,0,0,0,163,1,0,0,0,0,191.3,89,32.52,193.9,87,16.48,268.4,121,12.08,12.8,4,3.46,1
"348",0,0,0,0,0,0,0,0,0,0,0,0,0,0,0,0,0,0,0,0,0,0,0,0,0,0,0,0,0,0,0,0,0,0,0,0,0,0,0,0,0,0,0,0,0,0,1,0,0,0,0,162,0,1,0,0,0,220.6,117,37.5,155.2,121,13.19,186.7,89,8.4,10.5,11,2.84,1
"256",0,0,0,0,0,0,0,0,0,1,0,0,0,0,0,0,0,0,0,0,0,0,0,0,0,0,0,0,0,0,0,0,0,0,0,0,0,0,0,0,0,0,0,0,0,0,0,0,0,0,0,106,0,0,0,1,32,165.9,126,28.2,216.5,93,18.4,173.1,86,7.79,14.1,8,3.81,4
"2556",0,0,0,0,0,0,0,0,0,0,0,0,0,0,0,0,0,0,0,0,0,0,0,0,0,0,0,1,0,0,0,0,0,0,0,0,0,0,0,0,0,0,0,0,0,0,0,0,0,0,0,190,0,0,0,0,0,182.2,101,30.97,212.3,95,18.05,233,123,10.49,9.3,4,2.51,2
"540",0,0,0,0,0,0,0,0,0,0,0,0,0,0,0,0,0,0,0,0,0,0,0,0,0,0,0,0,0,0,0,0,0,0,1,0,0,0,0,0,0,0,0,0,0,0,0,0,0,0,0,59,0,0,0,0,0,107.8,113,18.33,216.6,125,18.41,217.5,92,9.79,9.9,3,2.67,2
"3569",0,0,0,0,0,0,0,0,0,0,0,0,0,0,0,0,1,0,0,0,0,0,0,0,0,0,0,0,0,0,0,0,0,0,0,0,0,0,0,0,0,0,0,0,0,0,0,0,0,0,0,48,0,0,0,1,26,192.9,60,32.79,179.2,87,15.23,185.5,137,8.35,18.7,7,5.05,0
"3512",0,0,0,0,0,0,0,0,1,0,0,0,0,0,0,0,0,0,0,0,0,0,0,0,0,0,0,0,0,0,0,0,0,0,0,0,0,0,0,0,0,0,0,0,0,0,0,0,0,0,0,12,1,0,0,0,0,206.1,105,35.04,246.6,104,20.96,254.6,83,11.46,12.1,7,3.27,2
"4249",0,0,0,0,0,0,0,0,0,0,0,0,0,0,0,0,0,0,0,0,0,0,0,0,1,0,0,0,0,0,0,0,0,0,0,0,0,0,0,0,0,0,0,0,0,0,0,0,0,0,0,120,1,0,0,0,0,79.2,123,13.46,212.1,106,18.03,224.6,104,10.11,10.2,4,2.75,3
"2482",0,0,0,0,0,0,0,0,0,0,0,0,0,0,0,0,0,0,0,0,0,0,0,0,0,0,0,0,0,0,0,0,0,0,0,0,0,0,0,0,0,0,0,0,0,1,0,0,0,0,0,80,1,0,0,0,0,197.5,114,33.58,206.9,119,17.59,163.6,109,7.36,11.3,4,3.05,1
"4088",0,0,0,0,0,0,0,0,0,0,0,0,0,0,0,0,0,0,0,0,0,0,0,0,0,0,0,0,0,0,0,0,0,0,0,1,0,0,0,0,0,0,0,0,0,0,0,0,0,0,0,142,0,0,1,0,0,160.6,101,27.3,202,125,17.17,221.7,100,9.98,8.8,2,2.38,1
"2125",0,0,0,0,0,0,0,0,0,0,0,0,0,0,0,0,1,0,0,0,0,0,0,0,0,0,0,0,0,0,0,0,0,0,0,0,0,0,0,0,0,0,0,0,0,0,0,0,0,0,0,43,1,0,0,0,0,27,117,4.59,160.9,97,13.68,279.5,96,12.58,10.7,3,2.89,3
"758",0,0,0,0,0,0,0,0,0,0,0,0,0,0,0,0,0,0,0,0,0,0,0,0,0,0,0,0,0,0,0,0,0,0,0,0,0,0,0,0,0,0,0,0,1,0,0,0,0,0,0,112,1,0,0,0,0,115.8,108,19.69,243.3,111,20.68,184.6,78,8.31,13.1,5,3.54,1
"2121",0,0,0,0,0,0,0,0,0,0,0,0,0,0,0,0,0,0,0,0,0,0,0,0,0,0,0,0,0,0,0,0,0,0,0,0,0,0,0,0,0,0,0,0,1,0,0,0,0,0,0,81,0,1,0,0,0,154.5,84,26.27,216.2,91,18.38,229.8,82,10.34,13.7,3,3.7,1
"4640",0,0,0,0,1,0,0,0,0,0,0,0,0,0,0,0,0,0,0,0,0,0,0,0,0,0,0,0,0,0,0,0,0,0,0,0,0,0,0,0,0,0,0,0,0,0,0,0,0,0,0,91,0,1,0,0,0,172.5,56,29.33,276.5,70,23.5,180.9,90,8.14,6.9,2,1.86,3
"2323",0,0,0,0,0,0,0,0,0,0,1,0,0,0,0,0,0,0,0,0,0,0,0,0,0,0,0,0,0,0,0,0,0,0,0,0,0,0,0,0,0,0,0,0,0,0,0,0,0,0,0,109,0,1,0,1,35,230.5,116,39.19,265.8,130,22.59,269.7,69,12.14,10.6,6,2.86,5
"1210",0,0,0,0,0,0,1,0,0,0,0,0,0,0,0,0,0,0,0,0,0,0,0,0,0,0,0,0,0,0,0,0,0,0,0,0,0,0,0,0,0,0,0,0,0,0,0,0,0,0,0,144,0,1,1,1,35,174.8,127,29.72,219.6,93,18.67,255.8,90,11.51,12.8,3,3.46,0
"1245",0,0,0,0,0,0,0,0,0,0,0,0,0,0,0,0,0,0,0,0,0,0,0,0,0,0,0,1,0,0,0,0,0,0,0,0,0,0,0,0,0,0,0,0,0,0,0,0,0,0,0,45,0,0,0,1,38,196.8,92,33.46,254.2,108,21.61,261.8,85,11.78,7.7,2,2.08,1
"2597",0,0,0,0,0,0,0,1,0,0,0,0,0,0,0,0,0,0,0,0,0,0,0,0,0,0,0,0,0,0,0,0,0,0,0,0,0,0,0,0,0,0,0,0,0,0,0,0,0,0,0,73,0,0,0,0,0,122,92,20.74,138.3,114,11.76,224.2,128,10.09,5.8,5,1.57,1
"3113",0,0,1,0,0,0,0,0,0,0,0,0,0,0,0,0,0,0,0,0,0,0,0,0,0,0,0,0,0,0,0,0,0,0,0,0,0,0,0,0,0,0,0,0,0,0,0,0,0,0,0,115,1,0,0,0,0,139.3,89,23.68,192.3,95,16.35,151,75,6.8,9.3,3,2.51,7
"1611",0,0,0,0,0,0,0,0,0,0,0,0,0,0,0,0,0,0,0,0,0,0,0,0,0,0,0,0,0,0,0,0,0,0,0,0,0,0,0,1,0,0,0,0,0,0,0,0,0,0,0,104,0,0,1,0,0,160.4,73,27.27,293.9,103,24.98,306.6,90,13.8,12.6,5,3.4,4
"292",0,0,0,0,0,0,0,0,0,0,0,0,0,0,0,0,0,0,0,0,0,0,0,0,0,0,0,0,0,1,0,0,0,0,0,0,0,0,0,0,0,0,0,0,0,0,0,0,0,0,0,132,0,1,0,0,0,99.5,110,16.92,129.1,80,10.97,125.1,124,5.63,9.7,3,2.62,0
"2160",0,0,0,0,0,0,0,0,0,0,0,0,0,0,0,0,1,0,0,0,0,0,0,0,0,0,0,0,0,0,0,0,0,0,0,0,0,0,0,0,0,0,0,0,0,0,0,0,0,0,0,132,1,0,0,0,0,190.1,105,32.32,182.2,116,15.49,279.8,105,12.59,13,2,3.51,1
"4014",0,0,0,0,0,0,0,0,0,0,0,0,0,0,0,0,0,0,0,0,0,0,0,0,0,0,0,0,0,0,0,0,0,0,0,0,0,0,0,0,0,0,0,0,1,0,0,0,0,0,0,188,0,0,0,0,0,231.1,92,39.29,182.4,93,15.5,227.2,89,10.22,9.8,5,2.65,4
"2750",0,1,0,0,0,0,0,0,0,0,0,0,0,0,0,0,0,0,0,0,0,0,0,0,0,0,0,0,0,0,0,0,0,0,0,0,0,0,0,0,0,0,0,0,0,0,0,0,0,0,0,95,1,0,0,0,0,229.9,116,39.08,202.4,110,17.2,171.4,105,7.71,14.2,6,3.83,1
"1691",0,0,0,0,0,0,0,0,0,0,0,0,0,0,0,0,0,0,0,0,0,0,0,0,0,0,0,0,0,0,0,0,0,0,0,0,0,0,1,0,0,0,0,0,0,0,0,0,0,0,0,174,1,0,0,1,15,221.8,143,37.71,210.6,115,17.9,221.8,109,9.98,12.4,9,3.35,1
"4886",0,0,0,0,0,0,0,0,0,0,0,0,0,0,0,0,0,0,0,0,0,1,0,0,0,0,0,0,0,0,0,0,0,0,0,0,0,0,0,0,0,0,0,0,0,0,0,0,0,0,0,122,0,1,0,0,0,265.7,130,45.17,47.3,116,4.02,140.3,103,6.31,8.7,1,2.35,3
"4269",0,0,0,1,0,0,0,0,0,0,0,0,0,0,0,0,0,0,0,0,0,0,0,0,0,0,0,0,0,0,0,0,0,0,0,0,0,0,0,0,0,0,0,0,0,0,0,0,0,0,0,155,1,0,1,0,0,176.1,88,29.94,244.5,84,20.78,189.9,99,8.55,11.2,1,3.02,2
"2343",0,0,0,0,0,0,0,0,0,0,0,0,0,0,0,0,0,0,0,0,0,0,1,0,0,0,0,0,0,0,0,0,0,0,0,0,0,0,0,0,0,0,0,0,0,0,0,0,0,0,0,61,1,0,0,0,0,188.9,105,32.11,153.6,116,13.06,213.3,106,9.6,10.2,2,2.75,2
"821",0,0,0,0,0,0,0,0,0,0,0,0,0,0,0,0,0,0,0,0,0,0,0,0,0,0,0,0,0,0,0,0,0,0,0,0,0,0,0,0,0,0,0,0,0,0,0,0,0,1,0,92,0,1,0,1,16,184,99,31.28,76.4,134,6.49,185.1,96,8.33,12.7,3,3.43,2
"2595",0,0,0,0,0,0,0,0,0,0,0,0,0,0,0,0,0,0,0,0,0,0,0,0,0,0,0,0,0,0,0,0,0,0,0,1,0,0,0,0,0,0,0,0,0,0,0,0,0,0,0,115,0,1,1,0,0,345.3,81,58.7,203.4,106,17.29,217.5,107,9.79,11.8,8,3.19,1
"4593",0,0,0,0,0,0,0,0,0,0,0,0,0,0,0,0,0,0,0,0,0,0,0,0,0,0,0,0,0,0,0,0,0,0,0,0,0,0,0,0,0,1,0,0,0,0,0,0,0,0,0,72,1,0,0,1,38,84.3,116,14.33,267.2,127,22.71,167.7,75,7.55,8.3,6,2.24,4
"4911",0,0,0,0,0,0,0,0,0,0,0,0,0,0,0,0,0,0,0,0,0,0,0,0,0,0,0,0,0,0,0,0,0,1,0,0,0,0,0,0,0,0,0,0,0,0,0,0,0,0,0,58,0,0,0,0,0,191.3,120,32.52,216.4,124,18.39,100.3,132,4.51,8.6,9,2.32,3
"3918",0,0,0,0,0,0,0,0,0,0,0,0,0,0,0,0,0,0,0,0,0,0,0,0,0,0,0,0,0,0,0,0,0,0,0,0,0,0,0,0,0,0,0,0,0,0,0,0,0,0,1,65,1,0,0,1,21,135.1,120,22.97,238.4,90,20.26,286.4,93,12.89,11,9,2.97,4
"1466",0,0,0,0,0,1,0,0,0,0,0,0,0,0,0,0,0,0,0,0,0,0,0,0,0,0,0,0,0,0,0,0,0,0,0,0,0,0,0,0,0,0,0,0,0,0,0,0,0,0,0,83,0,1,0,0,0,132.4,120,22.51,121.6,101,10.34,197.7,84,8.9,8.6,2,2.32,1
"886",0,0,0,0,0,0,0,0,0,0,0,0,0,0,0,0,0,0,0,0,0,1,0,0,0,0,0,0,0,0,0,0,0,0,0,0,0,0,0,0,0,0,0,0,0,0,0,0,0,0,0,66,0,0,0,1,26,254.9,108,43.33,243.2,135,20.67,190.8,95,8.59,5.4,3,1.46,2
"231",0,0,0,0,0,0,0,0,0,0,0,0,0,0,0,0,0,0,0,0,1,0,0,0,0,0,0,0,0,0,0,0,0,0,0,0,0,0,0,0,0,0,0,0,0,0,0,0,0,0,0,93,0,0,1,0,0,312,109,53.04,129.4,100,11,217.6,74,9.79,10.5,2,2.84,0
"1173",0,0,0,0,0,0,0,0,0,0,0,0,0,0,0,0,0,0,0,1,0,0,0,0,0,0,0,0,0,0,0,0,0,0,0,0,0,0,0,0,0,0,0,0,0,0,0,0,0,0,0,166,1,0,0,0,0,203.4,81,34.58,167.7,110,14.25,132,124,5.94,9.2,5,2.48,2
"1675",0,0,0,0,0,0,0,0,0,0,0,0,0,0,0,0,0,0,0,0,0,0,0,0,0,0,0,0,0,0,0,0,0,1,0,0,0,0,0,0,0,0,0,0,0,0,0,0,0,0,0,76,0,1,1,0,0,241,120,40.97,231.8,96,19.7,220.2,67,9.91,9.9,1,2.67,1
"759",0,0,0,0,0,0,0,0,0,0,0,0,0,0,0,0,0,0,1,0,0,0,0,0,0,0,0,0,0,0,0,0,0,0,0,0,0,0,0,0,0,0,0,0,0,0,0,0,0,0,0,108,0,1,0,1,30,276.6,99,47.02,220.1,113,18.71,177.9,95,8.01,9.8,6,2.65,2
"1450",0,0,0,0,0,1,0,0,0,0,0,0,0,0,0,0,0,0,0,0,0,0,0,0,0,0,0,0,0,0,0,0,0,0,0,0,0,0,0,0,0,0,0,0,0,0,0,0,0,0,0,192,1,0,0,0,0,221.6,101,37.67,285.2,50,24.24,167.4,83,7.53,12.7,6,3.43,4
"84",0,0,0,0,0,0,0,0,0,0,1,0,0,0,0,0,0,0,0,0,0,0,0,0,0,0,0,0,0,0,0,0,0,0,0,0,0,0,0,0,0,0,0,0,0,0,0,0,0,0,0,70,1,0,0,1,24,249.5,101,42.42,259.7,98,22.07,222.7,68,10.02,9.8,4,2.65,1
"4750",0,0,0,0,0,0,0,0,0,0,0,0,0,0,0,0,0,0,0,0,0,0,0,0,0,0,0,0,0,1,0,0,0,0,0,0,0,0,0,0,0,0,0,0,0,0,0,0,0,0,0,124,1,0,0,0,0,182.7,98,31.06,197.2,93,16.76,220.6,105,9.93,8.1,4,2.19,1
"3833",0,0,0,0,0,0,0,0,0,0,0,0,0,0,0,0,0,0,0,0,0,0,0,0,0,0,0,0,0,0,0,0,0,0,0,0,0,0,0,0,0,0,0,0,0,1,0,0,0,0,0,54,0,0,0,0,0,197.7,84,33.61,221.3,89,18.81,189.4,109,8.52,7.8,3,2.11,2
"413",0,0,0,0,0,0,0,0,0,0,0,0,0,0,0,0,0,0,0,0,0,0,0,0,0,0,0,0,0,1,0,0,0,0,0,0,0,0,0,0,0,0,0,0,0,0,0,0,0,0,0,85,1,0,0,0,0,259.8,85,44.17,242.3,117,20.6,168.8,72,7.6,5.4,1,1.46,0
"4144",0,0,0,0,0,0,0,0,0,0,0,0,0,0,0,0,0,0,0,0,0,0,0,0,0,0,0,0,0,0,0,0,0,0,0,0,0,0,0,0,0,0,0,0,0,0,0,0,0,0,1,86,1,0,0,0,0,227.9,105,38.74,218.7,118,18.59,223.2,120,10.04,14.2,5,3.83,3
"2641",0,0,0,0,0,0,0,0,0,0,0,0,0,0,0,0,0,1,0,0,0,0,0,0,0,0,0,0,0,0,0,0,0,0,0,0,0,0,0,0,0,0,0,0,0,0,0,0,0,0,0,105,1,0,0,1,24,274.7,99,46.7,193.5,118,16.45,299.6,109,13.48,10.8,3,2.92,3
"2007",0,0,1,0,0,0,0,0,0,0,0,0,0,0,0,0,0,0,0,0,0,0,0,0,0,0,0,0,0,0,0,0,0,0,0,0,0,0,0,0,0,0,0,0,0,0,0,0,0,0,0,91,0,1,0,1,27,204.6,96,34.78,136,93,11.56,210.5,82,9.47,6.6,2,1.78,3
"322",0,0,0,0,0,0,0,0,0,0,0,0,0,0,0,0,0,0,0,0,0,0,0,0,0,0,0,0,0,0,0,0,0,0,0,0,0,0,0,0,0,0,0,0,0,0,0,0,0,0,1,114,1,0,0,1,32,125.2,79,21.28,177.8,105,15.11,232.4,89,10.46,12.9,3,3.48,1
"2672",0,0,0,0,0,0,0,0,0,0,0,0,0,0,0,0,0,0,0,0,0,0,0,0,0,0,0,0,0,0,0,0,0,0,0,0,0,0,0,0,1,0,0,0,0,0,0,0,0,0,0,152,0,0,0,0,0,140.5,92,23.89,186.8,96,15.88,227,89,10.22,9.5,5,2.57,2
"337",0,0,0,0,0,0,0,0,0,0,0,0,0,0,0,0,0,0,0,0,0,0,0,0,0,0,0,0,0,0,0,0,0,0,0,0,0,0,0,0,1,0,0,0,0,0,0,0,0,0,0,99,0,1,0,0,0,169.2,70,28.76,271.5,77,23.08,170.2,104,7.66,10.6,2,2.86,0
"1006",0,0,0,0,0,0,0,0,0,0,0,0,0,0,0,0,0,0,0,0,0,0,0,0,0,0,0,0,1,0,0,0,0,0,0,0,0,0,0,0,0,0,0,0,0,0,0,0,0,0,0,12,0,1,1,0,0,216.7,117,36.84,116.5,126,9.9,220,110,9.9,9.8,4,2.65,2
"2614",0,0,0,0,0,0,0,0,0,0,0,0,0,0,0,0,0,0,0,0,0,0,1,0,0,0,0,0,0,0,0,0,0,0,0,0,0,0,0,0,0,0,0,0,0,0,0,0,0,0,0,48,1,0,0,0,0,240,88,40.8,141,117,11.99,128.9,137,5.8,7.1,9,1.92,1
"2292",0,0,0,0,0,0,0,0,0,0,0,0,0,0,0,0,0,0,0,0,0,0,0,0,0,0,0,0,0,0,0,0,0,0,0,0,0,1,0,0,0,0,0,0,0,0,0,0,0,0,0,69,0,0,0,0,0,196.1,87,33.34,236.8,66,20.13,182.3,75,8.2,11.9,1,3.21,0
"4769",0,0,0,0,0,0,0,0,0,0,0,0,0,0,0,0,0,0,0,0,0,1,0,0,0,0,0,0,0,0,0,0,0,0,0,0,0,0,0,0,0,0,0,0,0,0,0,0,0,0,0,48,0,1,0,0,0,200.5,117,34.09,225.3,123,19.15,134,89,6.03,6.7,5,1.81,4
"711",0,0,0,0,0,0,0,0,0,0,0,0,0,0,0,0,0,0,0,0,0,0,0,0,0,0,0,0,0,0,0,0,0,0,0,0,0,0,0,0,0,0,1,0,0,0,0,0,0,0,0,69,0,1,0,0,0,195.3,70,33.2,216.7,108,18.42,259.9,119,11.7,12.5,4,3.38,3
"2373",0,0,0,0,0,0,0,0,0,0,0,0,0,0,0,0,0,0,0,0,0,0,0,0,0,0,0,0,0,0,0,0,0,0,0,1,0,0,0,0,0,0,0,0,0,0,0,0,0,0,0,114,1,0,0,0,0,187.8,109,31.93,154.6,97,13.14,213.9,102,9.63,10.1,3,2.73,2
"4469",0,0,0,0,0,0,0,0,0,0,0,0,0,1,0,0,0,0,0,0,0,0,0,0,0,0,0,0,0,0,0,0,0,0,0,0,0,0,0,0,0,0,0,0,0,0,0,0,0,0,0,90,1,0,0,0,0,259.1,140,44.05,124,119,10.54,188.3,79,8.47,12.8,3,3.46,0