"","long","lat","group","order","region","subregion"
"1",-94.4979248046875,33.6669998168945,1,1,"texas",NA
"2",-94.4807434082031,33.6555404663086,1,2,"texas",NA
"3",-94.4750137329102,33.6326217651367,1,3,"texas",NA
"4",-94.4635543823242,33.6154365539551,1,4,"texas",NA
"5",-94.4520874023438,33.5982437133789,1,5,"texas",NA
"6",-94.4234466552734,33.5982437133789,1,6,"texas",NA
"7",-94.40625,33.5753288269043,1,7,"texas",NA
"8",-94.4005279541016,33.5695991516113,1,8,"texas",NA
"9",-94.3661499023438,33.5753288269043,1,9,"texas",NA
"10",-94.3088531494141,33.5695991516113,1,10,"texas",NA
"11",-94.2973937988281,33.5753288269043,1,11,"texas",NA
"12",-94.2802047729492,33.586784362793,1,12,"texas",NA
"13",-94.2630157470703,33.586784362793,1,13,"texas",NA
"14",-94.2400970458984,33.5753288269043,1,14,"texas",NA
"15",-94.2286376953125,33.5982437133789,1,15,"texas",NA
"16",-94.2229080200195,33.6097030639648,1,16,"texas",NA
"17",-94.2057189941406,33.6154365539551,1,17,"texas",NA
"18",-94.1885375976562,33.6097030639648,1,18,"texas",NA
"19",-94.1541595458984,33.586784362793,1,19,"texas",NA
"20",-94.1484298706055,33.586784362793,1,20,"texas",NA
"21",-94.1197738647461,33.5925178527832,1,21,"texas",NA
"22",-94.0911254882812,33.5982437133789,1,22,"texas",NA
"23",-94.0796661376953,33.586784362793,1,23,"texas",NA
"24",-94.056755065918,33.5753288269043,1,24,"texas",NA
"25",-94.051025390625,33.3003082275391,1,25,"texas",NA
"26",-94.051025390625,33.0367469787598,1,26,"texas",NA
"27",-94.051025390625,32.8992347717285,1,27,"texas",NA
"28",-94.051025390625,32.7101631164551,1,28,"texas",NA
"29",-94.051025390625,32.4064903259277,1,29,"texas",NA
"30",-94.051025390625,32.2116889953613,1,30,"texas",NA
"31",-94.056755065918,32.0168800354004,1,31,"texas",NA
"32",-94.0109176635742,31.9882354736328,1,32,"texas",NA
"33",-93.9593505859375,31.9366664886475,1,33,"texas",NA
"34",-93.9077835083008,31.8908290863037,1,34,"texas",NA
"35",-93.873405456543,31.8564529418945,1,35,"texas",NA
"36",-93.873405456543,31.8278045654297,1,36,"texas",NA
"37",-93.8447570800781,31.8048877716064,1,37,"texas",NA
"38",-93.8332977294922,31.7876968383789,1,38,"texas",NA
"39",-93.8332977294922,31.7590503692627,1,39,"texas",NA
"40",-93.8161087036133,31.7304019927979,1,40,"texas",NA
"41",-93.7989196777344,31.7132129669189,1,41,"texas",NA
"42",-93.8103790283203,31.6960258483887,1,42,"texas",NA
"43",-93.8275680541992,31.6845645904541,1,43,"texas",NA
"44",-93.8390274047852,31.6731071472168,1,44,"texas",NA
"45",-93.8390274047852,31.6501884460449,1,45,"texas",NA
"46",-93.8218383789062,31.6387310028076,1,46,"texas",NA
"47",-93.8275680541992,31.627269744873,1,47,"texas",NA
"48",-93.8390274047852,31.6158123016357,1,48,"texas",NA
"49",-93.8447570800781,31.5986232757568,1,49,"texas",NA
"50",-93.8218383789062,31.5814323425293,1,50,"texas",NA
"51",-93.7989196777344,31.5413246154785,1,51,"texas",NA
"52",-93.7760009765625,31.5298671722412,1,52,"texas",NA
"53",-93.7473526000977,31.5298671722412,1,53,"texas",NA
"54",-93.7301635742188,31.5184097290039,1,54,"texas",NA
"55",-93.7416305541992,31.5069484710693,1,55,"texas",NA
"56",-93.7530822753906,31.4783000946045,1,56,"texas",NA
"57",-93.7187042236328,31.4611110687256,1,57,"texas",NA
"58",-93.7015228271484,31.4210052490234,1,58,"texas",NA
"59",-93.6614074707031,31.3808975219727,1,59,"texas",NA
"60",-93.6671371459961,31.3694400787354,1,60,"texas",NA
"61",-93.684326171875,31.3407917022705,1,61,"texas",NA
"62",-93.7015228271484,31.3236026763916,1,62,"texas",NA
"63",-93.6957931518555,31.3121452331543,1,63,"texas",NA
"64",-93.678596496582,31.3006839752197,1,64,"texas",NA
"65",-93.6499557495117,31.2892265319824,1,65,"texas",NA
"66",-93.6270294189453,31.2663078308105,1,66,"texas",NA
"67",-93.6098480224609,31.2433891296387,1,67,"texas",NA
"68",-93.6098480224609,31.2204704284668,1,68,"texas",NA
"69",-93.5754699707031,31.1975517272949,1,69,"texas",NA
"70",-93.5468139648438,31.2032814025879,1,70,"texas",NA
"71",-93.5525512695312,31.1459865570068,1,71,"texas",NA
"72",-93.5640106201172,31.1058807373047,1,72,"texas",NA
"73",-93.5468139648438,31.0657730102539,1,73,"texas",NA
"74",-93.5353622436523,31.0485820770264,1,74,"texas",NA
"75",-93.5468139648438,31.0256633758545,1,75,"texas",NA
"76",-93.5640106201172,31.0142059326172,1,76,"texas",NA
"77",-93.5811920166016,30.9970169067383,1,77,"texas",NA
"78",-93.5697402954102,30.979829788208,1,78,"texas",NA
"79",-93.5582809448242,30.9683685302734,1,79,"texas",NA
"80",-93.5468139648438,30.9511795043945,1,80,"texas",NA
"81",-93.5468139648438,30.9339923858643,1,81,"texas",NA
"82",-93.5640106201172,30.9168033599854,1,82,"texas",NA
"83",-93.5754699707031,30.8996162414551,1,83,"texas",NA
"84",-93.5640106201172,30.8824234008789,1,84,"texas",NA
"85",-93.5754699707031,30.8537788391113,1,85,"texas",NA
"86",-93.5811920166016,30.8365898132324,1,86,"texas",NA
"87",-93.598388671875,30.8079414367676,1,87,"texas",NA
"88",-93.6499557495117,30.727725982666,1,88,"texas",NA
"89",-93.6671371459961,30.6876201629639,1,89,"texas",NA
"90",-93.7015228271484,30.6532440185547,1,90,"texas",NA
"91",-93.7015228271484,30.6303253173828,1,91,"texas",NA
"92",-93.7015228271484,30.6131362915039,1,92,"texas",NA
"93",-93.7187042236328,30.6016750335693,1,93,"texas",NA
"94",-93.7301635742188,30.5844879150391,1,94,"texas",NA
"95",-93.7416305541992,30.5443801879883,1,95,"texas",NA
"96",-93.7301635742188,30.5042743682861,1,96,"texas",NA
"97",-93.7187042236328,30.4584369659424,1,97,"texas",NA
"98",-93.7301635742188,30.4412479400635,1,98,"texas",NA
"99",-93.7301635742188,30.4183292388916,1,99,"texas",NA
"100",-93.7530822753906,30.4011421203613,1,100,"texas",NA
"101",-93.7588119506836,30.3323860168457,1,101,"texas",NA
"102",-93.7473526000977,30.3209266662598,1,102,"texas",NA
"103",-93.7129745483398,30.2808208465576,1,103,"texas",NA
"104",-93.678596496582,30.2464408874512,1,104,"texas",NA
"105",-93.6900634765625,30.2235221862793,1,105,"texas",NA
"106",-93.684326171875,30.2006072998047,1,106,"texas",NA
"107",-93.7015228271484,30.137580871582,1,107,"texas",NA
"108",-93.7244338989258,30.0917434692383,1,108,"texas",NA
"109",-93.7129745483398,30.0688247680664,1,109,"texas",NA
"110",-93.7416305541992,30.0401763916016,1,110,"texas",NA
"111",-93.7645416259766,30.0172576904297,1,111,"texas",NA
"112",-93.7989196777344,29.9771499633789,1,112,"texas",NA
"113",-93.8046493530273,29.9599628448486,1,113,"texas",NA
"114",-93.8332977294922,29.9255867004395,1,114,"texas",NA
"115",-93.861946105957,29.8797492980957,1,115,"texas",NA
"116",-93.9077835083008,29.8511028289795,1,116,"texas",NA
"117",-93.9307022094727,29.822452545166,1,117,"texas",NA
"118",-93.9307022094727,29.7995338439941,1,118,"texas",NA
"119",-93.9077835083008,29.7766151428223,1,119,"texas",NA
"120",-93.8848648071289,29.7766151428223,1,120,"texas",NA
"121",-93.8447570800781,29.7365093231201,1,121,"texas",NA
"122",-93.873405456543,29.7365093231201,1,122,"texas",NA
"123",-94.0395584106445,29.7078590393066,1,123,"texas",NA
"124",-94.0682144165039,29.7078590393066,1,124,"texas",NA
"125",-94.3203125,29.6104583740234,1,125,"texas",NA
"126",-94.3604202270508,29.5932693481445,1,126,"texas",NA
"127",-94.3833389282227,29.5875396728516,1,127,"texas",NA
"128",-94.4291763305664,29.5760822296143,1,128,"texas",NA
"129",-94.4750137329102,29.5588932037354,1,129,"texas",NA
"130",-94.5323028564453,29.5359745025635,1,130,"texas",NA
"131",-94.6125183105469,29.5015983581543,1,131,"texas",NA
"132",-94.6812744140625,29.4614887237549,1,132,"texas",NA
"133",-94.7213821411133,29.4213809967041,1,133,"texas",NA
"134",-94.7500305175781,29.4099235534668,1,134,"texas",NA
"135",-94.767219543457,29.3984661102295,1,135,"texas",NA
"136",-94.7844085693359,29.4099235534668,1,136,"texas",NA
"137",-94.7844085693359,29.4213809967041,1,137,"texas",NA
"138",-94.767219543457,29.444299697876,1,138,"texas",NA
"139",-94.7156524658203,29.4729499816895,1,139,"texas",NA
"140",-94.6812744140625,29.5130558013916,1,140,"texas",NA
"141",-94.6526260375977,29.5130558013916,1,141,"texas",NA
"142",-94.6354370117188,29.5245132446289,1,142,"texas",NA
"143",-94.6125183105469,29.5474319458008,1,143,"texas",NA
"144",-94.5953369140625,29.5588932037354,1,144,"texas",NA
"145",-94.5494995117188,29.5588932037354,1,145,"texas",NA
"146",-94.5265731811523,29.5646209716797,1,146,"texas",NA
"147",-94.5380325317383,29.5932693481445,1,147,"texas",NA
"148",-94.5666885375977,29.6047306060791,1,148,"texas",NA
"149",-94.6125183105469,29.5875396728516,1,149,"texas",NA
"150",-94.68701171875,29.5760822296143,1,150,"texas",NA
"151",-94.7557601928711,29.5588932037354,1,151,"texas",NA
"152",-94.778678894043,29.5588932037354,1,152,"texas",NA
"153",-94.7901382446289,29.5703506469727,1,153,"texas",NA
"154",-94.7844085693359,29.5875396728516,1,154,"texas",NA
"155",-94.767219543457,29.621919631958,1,155,"texas",NA
"156",-94.7328414916992,29.6792144775391,1,156,"texas",NA
"157",-94.7099227905273,29.7823467254639,1,157,"texas",NA
"158",-94.6927337646484,29.822452545166,1,158,"texas",NA
"159",-94.6984634399414,29.8396415710449,1,159,"texas",NA
"160",-94.7099227905273,29.8453712463379,1,160,"texas",NA
"161",-94.7385711669922,29.816722869873,1,161,"texas",NA
"162",-94.7901382446289,29.7995338439941,1,162,"texas",NA
"163",-94.8474349975586,29.765157699585,1,163,"texas",NA
"164",-94.8818130493164,29.7250518798828,1,164,"texas",NA
"165",-94.9104614257812,29.6906719207764,1,165,"texas",NA
"166",-94.9276504516602,29.6906719207764,1,166,"texas",NA
"167",-94.9677581787109,29.7193202972412,1,167,"texas",NA
"168",-94.9963989257812,29.7422389984131,1,168,"texas",NA
"169",-95.0193252563477,29.7479705810547,1,169,"texas",NA
"170",-95.0021362304688,29.7536964416504,1,170,"texas",NA
"171",-95.0307769775391,29.7422389984131,1,171,"texas",NA
"172",-95.036506652832,29.7307777404785,1,172,"texas",NA
"173",-95.0135955810547,29.7078590393066,1,173,"texas",NA
"174",-95.0135955810547,29.6964015960693,1,174,"texas",NA
"175",-95.0250473022461,29.6677532196045,1,175,"texas",NA
"176",-95.0021362304688,29.6505641937256,1,176,"texas",NA
"177",-94.9906692504883,29.6276454925537,1,177,"texas",NA
"178",-95.0078659057617,29.5932693481445,1,178,"texas",NA
"179",-95.0193252563477,29.5818119049072,1,179,"texas",NA
"180",-95.0193252563477,29.5588932037354,1,180,"texas",NA
"181",-95.0021362304688,29.5474319458008,1,181,"texas",NA
"182",-94.9677581787109,29.5359745025635,1,182,"texas",NA
"183",-94.9333801269531,29.5245132446289,1,183,"texas",NA
"184",-94.9333801269531,29.5073261260986,1,184,"texas",NA
"185",-94.962028503418,29.4901371002197,1,185,"texas",NA
"186",-94.962028503418,29.4729499816895,1,186,"texas",NA
"187",-94.9219207763672,29.4672183990479,1,187,"texas",NA
"188",-94.9104614257812,29.4328422546387,1,188,"texas",NA
"189",-94.9104614257812,29.3927364349365,1,189,"texas",NA
"190",-94.9161911010742,29.3526287078857,1,190,"texas",NA
"191",-94.9276504516602,29.3354396820068,1,191,"texas",NA
"192",-94.956298828125,29.3411674499512,1,192,"texas",NA
"193",-94.9734878540039,29.3468990325928,1,193,"texas",NA
"194",-95.0479736328125,29.2609539031982,1,194,"texas",NA
"195",-95.0766143798828,29.2265777587891,1,195,"texas",NA
"196",-95.1224517822266,29.2151165008545,1,196,"texas",NA
"197",-95.1396484375,29.2208461761475,1,197,"texas",NA
"198",-95.1568298339844,29.2380352020264,1,198,"texas",NA
"199",-95.1740188598633,29.232307434082,1,199,"texas",NA
"200",-95.1740188598633,29.1979274749756,1,200,"texas",NA
"201",-95.1797485351562,29.1635513305664,1,201,"texas",NA
"202",-95.2083969116211,29.1520938873291,1,202,"texas",NA
"203",-95.231315612793,29.1291751861572,1,203,"texas",NA
"204",-95.231315612793,29.1062564849854,1,204,"texas",NA
"205",-95.2141265869141,29.0947952270508,1,205,"texas",NA
"206",-95.1682891845703,29.1119842529297,1,206,"texas",NA
"207",-95.1625595092773,29.1005268096924,1,207,"texas",NA
"208",-95.2026672363281,29.0432319641113,1,208,"texas",NA
"209",-95.2943420410156,28.9859371185303,1,209,"texas",NA
"210",-95.3573608398438,28.9458293914795,1,210,"texas",NA
"211",-95.4031982421875,28.9229106903076,1,211,"texas",NA
"212",-95.5521774291992,28.8426971435547,1,212,"texas",NA
"213",-95.6438446044922,28.7853984832764,1,213,"texas",NA
"214",-95.7469787597656,28.7281036376953,1,214,"texas",NA
"215",-95.8787612915039,28.6650772094727,1,215,"texas",NA
"216",-96.0048141479492,28.6192417144775,1,216,"texas",NA
"217",-96.125129699707,28.5562171936035,1,217,"texas",NA
"218",-96.2798309326172,28.4760036468506,1,218,"texas",NA
"219",-96.3371200561523,28.4301662445068,1,219,"texas",NA
"220",-96.3657760620117,28.4129772186279,1,220,"texas",NA
"221",-96.3829574584961,28.4301662445068,1,221,"texas",NA
"222",-96.3772354125977,28.4358959197998,1,222,"texas",NA
"223",-96.3543090820312,28.4760036468506,1,223,"texas",NA
"224",-96.3084716796875,28.4817314147949,1,224,"texas",NA
"225",-96.2397232055664,28.5275688171387,1,225,"texas",NA
"226",-96.1136703491211,28.5848636627197,1,226,"texas",NA
"227",-96.0563735961914,28.6135120391846,1,227,"texas",NA
"228",-96.0162658691406,28.6421604156494,1,228,"texas",NA
"229",-95.9933471679688,28.6650772094727,1,229,"texas",NA
"230",-95.9016723632812,28.6822662353516,1,230,"texas",NA
"231",-95.7813568115234,28.7452907562256,1,231,"texas",NA
"232",-95.7584381103516,28.7624797821045,1,232,"texas",NA
"233",-95.7584381103516,28.7853984832764,1,233,"texas",NA
"234",-95.7813568115234,28.7853984832764,1,234,"texas",NA
"235",-95.8157272338867,28.7853984832764,1,235,"texas",NA
"236",-95.8615646362305,28.7567520141602,1,236,"texas",NA
"237",-95.9188690185547,28.7452907562256,1,237,"texas",NA
"238",-95.9933471679688,28.7109146118164,1,238,"texas",NA
"239",-96.130859375,28.6364307403564,1,239,"texas",NA
"240",-96.1824264526367,28.6192417144775,1,240,"texas",NA
"241",-96.2339935302734,28.5905952453613,1,241,"texas",NA
"242",-96.2569046020508,28.6135120391846,1,242,"texas",NA
"243",-96.2569046020508,28.6307010650635,1,243,"texas",NA
"244",-96.1938858032227,28.6307010650635,1,244,"texas",NA
"245",-96.1881561279297,28.6421604156494,1,245,"texas",NA
"246",-96.1996154785156,28.6536197662354,1,246,"texas",NA
"247",-96.2397232055664,28.6478900909424,1,247,"texas",NA
"248",-96.2397232055664,28.6650772094727,1,248,"texas",NA
"249",-96.2110748291016,28.7452907562256,1,249,"texas",NA
"250",-96.2110748291016,28.7682094573975,1,250,"texas",NA
"251",-96.222526550293,28.7682094573975,1,251,"texas",NA
"252",-96.2454528808594,28.7223720550537,1,252,"texas",NA
"253",-96.2741012573242,28.6994533538818,1,253,"texas",NA
"254",-96.2798309326172,28.7281036376953,1,254,"texas",NA
"255",-96.2855606079102,28.7452907562256,1,255,"texas",NA
"256",-96.2970123291016,28.716646194458,1,256,"texas",NA
"257",-96.319938659668,28.6708087921143,1,257,"texas",NA
"258",-96.3600387573242,28.6536197662354,1,258,"texas",NA
"259",-96.3829574584961,28.6708087921143,1,259,"texas",NA
"260",-96.405876159668,28.7109146118164,1,260,"texas",NA
"261",-96.4116134643555,28.7452907562256,1,261,"texas",NA
"262",-96.4402542114258,28.7281036376953,1,262,"texas",NA
"263",-96.4402542114258,28.6994533538818,1,263,"texas",NA
"264",-96.400146484375,28.6307010650635,1,264,"texas",NA
"265",-96.4517135620117,28.6077823638916,1,265,"texas",NA
"266",-96.4860916137695,28.5848636627197,1,266,"texas",NA
"267",-96.5032806396484,28.5963230133057,1,267,"texas",NA
"268",-96.4860916137695,28.6077823638916,1,268,"texas",NA
"269",-96.4631729125977,28.6249713897705,1,269,"texas",NA
"270",-96.4746322631836,28.6708087921143,1,270,"texas",NA
"271",-96.4918212890625,28.6307010650635,1,271,"texas",NA
"272",-96.5147399902344,28.6307010650635,1,272,"texas",NA
"273",-96.5261993408203,28.6536197662354,1,273,"texas",NA
"274",-96.5433883666992,28.6879959106445,1,274,"texas",NA
"275",-96.58349609375,28.6708087921143,1,275,"texas",NA
"276",-96.5949554443359,28.7109146118164,1,276,"texas",NA
"277",-96.6121444702148,28.7281036376953,1,277,"texas",NA
"278",-96.6522521972656,28.7223720550537,1,278,"texas",NA
"279",-96.66943359375,28.7281036376953,1,279,"texas",NA
"280",-96.6579818725586,28.6879959106445,1,280,"texas",NA
"281",-96.6407928466797,28.6364307403564,1,281,"texas",NA
"282",-96.6579818725586,28.6077823638916,1,282,"texas",NA
"283",-96.6579818725586,28.5905952453613,1,283,"texas",NA
"284",-96.6407928466797,28.5905952453613,1,284,"texas",NA
"285",-96.6006851196289,28.5963230133057,1,285,"texas",NA
"286",-96.577766418457,28.6020526885986,1,286,"texas",NA
"287",-96.5261993408203,28.5676765441895,1,287,"texas",NA
"288",-96.5147399902344,28.5504856109619,1,288,"texas",NA
"289",-96.5548477172852,28.5332984924316,1,289,"texas",NA
"290",-96.58349609375,28.5103797912598,1,290,"texas",NA
"291",-96.589225769043,28.4931907653809,1,291,"texas",NA
"292",-96.5548477172852,28.4931907653809,1,292,"texas",NA
"293",-96.5147399902344,28.5103797912598,1,293,"texas",NA
"294",-96.4689025878906,28.5161094665527,1,294,"texas",NA
"295",-96.4345245361328,28.4645442962646,1,295,"texas",NA
"296",-96.4746322631836,28.4416255950928,1,296,"texas",NA
"297",-96.4975509643555,28.4244365692139,1,297,"texas",NA
"298",-96.5147399902344,28.4301662445068,1,298,"texas",NA
"299",-96.5376586914062,28.407247543335,1,299,"texas",NA
"300",-96.6178741455078,28.3671398162842,1,300,"texas",NA
"301",-96.6522521972656,28.3499526977539,1,301,"texas",NA
"302",-96.6866302490234,28.338493347168,1,302,"texas",NA
"303",-96.6980895996094,28.3442230224609,1,303,"texas",NA
"304",-96.7152709960938,28.3614120483398,1,304,"texas",NA
"305",-96.7267379760742,28.4244365692139,1,305,"texas",NA
"306",-96.7381973266602,28.4358959197998,1,306,"texas",NA
"307",-96.772575378418,28.4473533630371,1,307,"texas",NA
"308",-96.7954864501953,28.4760036468506,1,308,"texas",NA
"309",-96.8012161254883,28.4989204406738,1,309,"texas",NA
"310",-96.8241424560547,28.5046501159668,1,310,"texas",NA
"311",-96.8355941772461,28.4931907653809,1,311,"texas",NA
"312",-96.8298721313477,28.470272064209,1,312,"texas",NA
"313",-96.8012161254883,28.4473533630371,1,313,"texas",NA
"314",-96.7954864501953,28.4244365692139,1,314,"texas",NA
"315",-96.7954864501953,28.407247543335,1,315,"texas",NA
"316",-96.8126754760742,28.407247543335,1,316,"texas",NA
"317",-96.8355941772461,28.4301662445068,1,317,"texas",NA
"318",-96.858512878418,28.4358959197998,1,318,"texas",NA
"319",-96.8699798583984,28.4187068939209,1,319,"texas",NA
"320",-96.852783203125,28.401517868042,1,320,"texas",NA
"321",-96.8298721313477,28.3728713989258,1,321,"texas",NA
"322",-96.8069458007812,28.3442230224609,1,322,"texas",NA
"323",-96.8012161254883,28.3155746459961,1,323,"texas",NA
"324",-96.8126754760742,28.2869262695312,1,324,"texas",NA
"325",-96.8069458007812,28.2582778930664,1,325,"texas",NA
"326",-96.8241424560547,28.2181720733643,1,326,"texas",NA
"327",-96.8757019042969,28.1952533721924,1,327,"texas",NA
"328",-96.9100875854492,28.1666049957275,1,328,"texas",NA
"329",-96.9444580078125,28.1494159698486,1,329,"texas",NA
"330",-96.9444580078125,28.1837940216064,1,330,"texas",NA
"331",-96.9272689819336,28.2410907745361,1,331,"texas",NA
"332",-96.9215393066406,28.2697372436523,1,332,"texas",NA
"333",-96.9444580078125,28.2754669189453,1,333,"texas",NA
"334",-96.9902954101562,28.2525482177734,1,334,"texas",NA
"335",-96.9845657348633,28.2353591918945,1,335,"texas",NA
"336",-96.9731063842773,28.2181720733643,1,336,"texas",NA
"337",-96.9616470336914,28.1952533721924,1,337,"texas",NA
"338",-96.9731063842773,28.1723346710205,1,338,"texas",NA
"339",-97.0017547607422,28.1551456451416,1,339,"texas",NA
"340",-97.0361328125,28.1551456451416,1,340,"texas",NA
"341",-97.041862487793,28.1723346710205,1,341,"texas",NA
"342",-97.0361328125,28.2009811401367,1,342,"texas",NA
"343",-97.0590515136719,28.2181720733643,1,343,"texas",NA
"344",-97.0762405395508,28.2067127227783,1,344,"texas",NA
"345",-97.1106185913086,28.1895236968994,1,345,"texas",NA
"346",-97.1220703125,28.1723346710205,1,346,"texas",NA
"347",-97.1449966430664,28.1666049957275,1,347,"texas",NA
"348",-97.1621780395508,28.1837940216064,1,348,"texas",NA
"349",-97.1908340454102,28.1895236968994,1,349,"texas",NA
"350",-97.2137451171875,28.1837940216064,1,350,"texas",NA
"351",-97.1908340454102,28.1608753204346,1,351,"texas",NA
"352",-97.1908340454102,28.1494159698486,1,352,"texas",NA
"353",-97.2022857666016,28.1264991760254,1,353,"texas",NA
"354",-97.2481231689453,28.0978488922119,1,354,"texas",NA
"355",-97.2653121948242,28.0978488922119,1,355,"texas",NA
"356",-97.2538528442383,28.0749320983887,1,356,"texas",NA
"357",-97.1392669677734,27.8915843963623,1,357,"texas",NA
"358",-97.1965637207031,27.8572082519531,1,358,"texas",NA
"359",-97.2309417724609,27.8400192260742,1,359,"texas",NA
"360",-97.2481231689453,27.8400192260742,1,360,"texas",NA
"361",-97.2710494995117,27.8686676025391,1,361,"texas",NA
"362",-97.2939605712891,27.880126953125,1,362,"texas",NA
"363",-97.3168869018555,27.880126953125,1,363,"texas",NA
"364",-97.3569869995117,27.874397277832,1,364,"texas",NA
"365",-97.3913650512695,27.8915843963623,1,365,"texas",NA
"366",-97.4085540771484,27.8973159790039,1,366,"texas",NA
"367",-97.48876953125,27.880126953125,1,367,"texas",NA
"368",-97.5116882324219,27.8973159790039,1,368,"texas",NA
"369",-97.5403366088867,27.8973159790039,1,369,"texas",NA
"370",-97.5689849853516,27.8915843963623,1,370,"texas",NA
"371",-97.5460662841797,27.8629379272461,1,371,"texas",NA
"372",-97.5174179077148,27.8457489013672,1,372,"texas",NA
"373",-97.4715805053711,27.8342895507812,1,373,"texas",NA
"374",-97.4429321289062,27.8342895507812,1,374,"texas",NA
"375",-97.4200134277344,27.8514785766602,1,375,"texas",NA
"376",-97.4028244018555,27.8285598754883,1,376,"texas",NA
"377",-97.4085540771484,27.8171005249023,1,377,"texas",NA
"378",-97.4142837524414,27.7884540557861,1,378,"texas",NA
"379",-97.4142837524414,27.7598037719727,1,379,"texas",NA
"380",-97.3856353759766,27.7368869781494,1,380,"texas",NA
"381",-97.3627243041992,27.7139682769775,1,381,"texas",NA
"382",-97.3627243041992,27.7025089263916,1,382,"texas",NA
"383",-97.3856353759766,27.6795902252197,1,383,"texas",NA
"384",-97.3970947265625,27.6566715240479,1,384,"texas",NA
"385",-97.3856353759766,27.6452121734619,1,385,"texas",NA
"386",-97.3684463500977,27.6566715240479,1,386,"texas",NA
"387",-97.3283386230469,27.6967792510986,1,387,"texas",NA
"388",-97.311149597168,27.7082386016846,1,388,"texas",NA
"389",-97.299690246582,27.6910495758057,1,389,"texas",NA
"390",-97.2939605712891,27.6681308746338,1,390,"texas",NA
"391",-97.3226165771484,27.6337547302246,1,391,"texas",NA
"392",-97.3455276489258,27.5592708587646,1,392,"texas",NA
"393",-97.3741760253906,27.4733257293701,1,393,"texas",NA
"394",-97.4028244018555,27.4389476776123,1,394,"texas",NA
"395",-97.4257431030273,27.3759250640869,1,395,"texas",NA
"396",-97.4658508300781,27.3243579864502,1,396,"texas",NA
"397",-97.48876953125,27.3128986358643,1,397,"texas",NA
"398",-97.5174179077148,27.2899799346924,1,398,"texas",NA
"399",-97.5517959594727,27.2957096099854,1,399,"texas",NA
"400",-97.5689849853516,27.3128986358643,1,400,"texas",NA
"401",-97.5403366088867,27.3186283111572,1,401,"texas",NA
"402",-97.5174179077148,27.3415470123291,1,402,"texas",NA
"403",-97.5116882324219,27.3759250640869,1,403,"texas",NA
"404",-97.5116882324219,27.421760559082,1,404,"texas",NA
"405",-97.5288772583008,27.427490234375,1,405,"texas",NA
"406",-97.5403366088867,27.421760559082,1,406,"texas",NA
"407",-97.5345993041992,27.3931121826172,1,407,"texas",NA
"408",-97.5575256347656,27.364465713501,1,408,"texas",NA
"409",-97.57470703125,27.3415470123291,1,409,"texas",NA
"410",-97.6205444335938,27.3415470123291,1,410,"texas",NA
"411",-97.6320114135742,27.3358173370361,1,411,"texas",NA
"412",-97.6148147583008,27.3071689605713,1,412,"texas",NA
"413",-97.6320114135742,27.3014392852783,1,413,"texas",NA
"414",-97.6549224853516,27.3071689605713,1,414,"texas",NA
"415",-97.6663818359375,27.3415470123291,1,415,"texas",NA
"416",-97.7007598876953,27.3587341308594,1,416,"texas",NA
"417",-97.7236862182617,27.3931121826172,1,417,"texas",NA
"418",-97.7809753417969,27.4618663787842,1,418,"texas",NA
"419",-97.7981643676758,27.4675979614258,1,419,"texas",NA
"420",-97.8038940429688,27.4561386108398,1,420,"texas",NA
"421",-97.763786315918,27.4160308837891,1,421,"texas",NA
"422",-97.763786315918,27.3931121826172,1,422,"texas",NA
"423",-97.7351455688477,27.364465713501,1,423,"texas",NA
"424",-97.7351455688477,27.3415470123291,1,424,"texas",NA
"425",-97.7064895629883,27.3186283111572,1,425,"texas",NA
"426",-97.6950378417969,27.3014392852783,1,426,"texas",NA
"427",-97.7064895629883,27.2899799346924,1,427,"texas",NA
"428",-97.758056640625,27.2785205841064,1,428,"texas",NA
"429",-97.758056640625,27.2670612335205,1,429,"texas",NA
"430",-97.7236862182617,27.2498722076416,1,430,"texas",NA
"431",-97.6893081665039,27.2441425323486,1,431,"texas",NA
"432",-97.6492004394531,27.2498722076416,1,432,"texas",NA
"433",-97.6148147583008,27.2556018829346,1,433,"texas",NA
"434",-97.5919036865234,27.2498722076416,1,434,"texas",NA
"435",-97.5632553100586,27.2326850891113,1,435,"texas",NA
"436",-97.5345993041992,27.2441425323486,1,436,"texas",NA
"437",-97.5059585571289,27.2556018829346,1,437,"texas",NA
"438",-97.4773101806641,27.2670612335205,1,438,"texas",NA
"439",-97.4543914794922,27.2556018829346,1,439,"texas",NA
"440",-97.4543914794922,27.1983070373535,1,440,"texas",NA
"441",-97.4543914794922,27.1524696350098,1,441,"texas",NA
"442",-97.4715805053711,27.1295528411865,1,442,"texas",NA
"443",-97.494499206543,27.1180934906006,1,443,"texas",NA
"444",-97.5059585571289,27.0951747894287,1,444,"texas",NA
"445",-97.494499206543,27.0665264129639,1,445,"texas",NA
"446",-97.48876953125,27.049337387085,1,446,"texas",NA
"447",-97.5002288818359,27.0264205932617,1,447,"texas",NA
"448",-97.5460662841797,27.0092296600342,1,448,"texas",NA
"449",-97.5575256347656,26.9920425415039,1,449,"texas",NA
"450",-97.5689849853516,26.969123840332,1,450,"texas",NA
"451",-97.5575256347656,26.9290161132812,1,451,"texas",NA
"452",-97.5689849853516,26.900369644165,1,452,"texas",NA
"453",-97.5689849853516,26.8545322418213,1,453,"texas",NA
"454",-97.5403366088867,26.8373432159424,1,454,"texas",NA
"455",-97.5116882324219,26.8086948394775,1,455,"texas",NA
"456",-97.494499206543,26.7628574371338,1,456,"texas",NA
"457",-97.4658508300781,26.6539974212646,1,457,"texas",NA
"458",-97.4543914794922,26.6081600189209,1,458,"texas",NA
"459",-97.4429321289062,26.5508651733398,1,459,"texas",NA
"460",-97.4543914794922,26.527946472168,1,460,"texas",NA
"461",-97.4715805053711,26.4878387451172,1,461,"texas",NA
"462",-97.4543914794922,26.4190845489502,1,462,"texas",NA
"463",-97.4200134277344,26.4133548736572,1,463,"texas",NA
"464",-97.3913650512695,26.3904361724854,1,464,"texas",NA
"465",-97.3741760253906,26.3617877960205,1,465,"texas",NA
"466",-97.3741760253906,26.3044929504395,1,466,"texas",NA
"467",-97.3627243041992,26.2873020172119,1,467,"texas",NA
"468",-97.3397979736328,26.2987613677979,1,468,"texas",NA
"469",-97.3226165771484,26.2873020172119,1,469,"texas",NA
"470",-97.3340682983398,26.2701148986816,1,470,"texas",NA
"471",-97.3455276489258,26.2300071716309,1,471,"texas",NA
"472",-97.305419921875,26.2128200531006,1,472,"texas",NA
"473",-97.3168869018555,26.1669826507568,1,473,"texas",NA
"474",-97.3168869018555,26.144063949585,1,474,"texas",NA
"475",-97.311149597168,26.1211471557617,1,475,"texas",NA
"476",-97.2825088500977,26.1039562225342,1,476,"texas",NA
"477",-97.2538528442383,26.1154155731201,1,477,"texas",NA
"478",-97.2309417724609,26.1211471557617,1,478,"texas",NA
"479",-97.2137451171875,26.1039562225342,1,479,"texas",NA
"480",-97.225212097168,26.0867691040039,1,480,"texas",NA
"481",-97.2538528442383,26.069580078125,1,481,"texas",NA
"482",-97.2653121948242,26.0409317016602,1,482,"texas",NA
"483",-97.2538528442383,26.0008239746094,1,483,"texas",NA
"484",-97.2194747924805,26.0122833251953,1,484,"texas",NA
"485",-97.225212097168,26.0294723510742,1,485,"texas",NA
"486",-97.2080154418945,26.0409317016602,1,486,"texas",NA
"487",-97.1793746948242,26.0122833251953,1,487,"texas",NA
"488",-97.1851043701172,26.063850402832,1,488,"texas",NA
"489",-97.1793746948242,26.0810375213623,1,489,"texas",NA
"490",-97.1564559936523,26.0810375213623,1,490,"texas",NA
"491",-97.1507263183594,26.0581207275391,1,491,"texas",NA
"492",-97.1679077148438,25.9664478302002,1,492,"texas",NA
"493",-97.2710494995117,25.9664478302002,1,493,"texas",NA
"494",-97.2939605712891,25.9607181549072,1,494,"texas",NA
"495",-97.2939605712891,25.9435291290283,1,495,"texas",NA
"496",-97.299690246582,25.9377994537354,1,496,"texas",NA
"497",-97.3340682983398,25.9377994537354,1,497,"texas",NA
"498",-97.3627243041992,25.9377994537354,1,498,"texas",NA
"499",-97.3741760253906,25.9377994537354,1,499,"texas",NA
"500",-97.3684463500977,25.9377994537354,1,500,"texas",NA
"501",-97.3741760253906,25.9377994537354,1,501,"texas",NA
"502",-97.3970947265625,25.9377994537354,1,502,"texas",NA
"503",-97.4142837524414,25.9377994537354,1,503,"texas",NA
"504",-97.4257431030273,25.9377994537354,1,504,"texas",NA
"505",-97.4486618041992,25.9377994537354,1,505,"texas",NA
"506",-97.4773101806641,25.9377994537354,1,506,"texas",NA
"507",-97.494499206543,25.9377994537354,1,507,"texas",NA
"508",-97.5231475830078,25.9377994537354,1,508,"texas",NA
"509",-97.6148147583008,25.9779052734375,1,509,"texas",NA
"510",-97.6492004394531,26.0352020263672,1,510,"texas",NA
"511",-97.677848815918,26.0409317016602,1,511,"texas",NA
"512",-97.7064895629883,26.0352020263672,1,512,"texas",NA
"513",-97.7351455688477,26.0352020263672,1,513,"texas",NA
"514",-97.7695236206055,26.0466613769531,1,514,"texas",NA
"515",-97.7924346923828,26.0409317016602,1,515,"texas",NA
"516",-97.8096237182617,26.063850402832,1,516,"texas",NA
"517",-97.8268127441406,26.0523910522461,1,517,"texas",NA
"518",-97.8440017700195,26.069580078125,1,518,"texas",NA
"519",-97.8669204711914,26.069580078125,1,519,"texas",NA
"520",-97.9585952758789,26.069580078125,1,520,"texas",NA
"521",-97.9815139770508,26.0581207275391,1,521,"texas",NA
"522",-97.9929733276367,26.069580078125,1,522,"texas",NA
"523",-98.0158920288086,26.069580078125,1,523,"texas",NA
"524",-98.0559997558594,26.0523910522461,1,524,"texas",NA
"525",-98.0789108276367,26.0523910522461,1,525,"texas",NA
"526",-98.1075592041016,26.069580078125,1,526,"texas",NA
"527",-98.1247482299805,26.063850402832,1,527,"texas",NA
"528",-98.1591262817383,26.0581207275391,1,528,"texas",NA
"529",-98.1763229370117,26.069580078125,1,529,"texas",NA
"530",-98.1935043334961,26.075309753418,1,530,"texas",NA
"531",-98.2221603393555,26.075309753418,1,531,"texas",NA
"532",-98.2851791381836,26.0982284545898,1,532,"texas",NA
"533",-98.2851791381836,26.1211471557617,1,533,"texas",NA
"534",-98.2966384887695,26.132604598999,1,534,"texas",NA
"535",-98.3080978393555,26.132604598999,1,535,"texas",NA
"536",-98.3195571899414,26.1211471557617,1,536,"texas",NA
"537",-98.3310165405273,26.1211471557617,1,537,"texas",NA
"538",-98.3482055664062,26.1669826507568,1,538,"texas",NA
"539",-98.3653945922852,26.1669826507568,1,539,"texas",NA
"540",-98.388313293457,26.1669826507568,1,540,"texas",NA
"541",-98.4055023193359,26.1727123260498,1,541,"texas",NA
"542",-98.4112319946289,26.195629119873,1,542,"texas",NA
"543",-98.4341506958008,26.195629119873,1,543,"texas",NA
"544",-98.4513397216797,26.2013607025146,1,544,"texas",NA
"545",-98.4570693969727,26.2242794036865,1,545,"texas",NA
"546",-98.4685287475586,26.2357368469238,1,546,"texas",NA
"547",-98.4914474487305,26.2242794036865,1,547,"texas",NA
"548",-98.5086364746094,26.2242794036865,1,548,"texas",NA
"549",-98.5372848510742,26.2471961975098,1,549,"texas",NA
"550",-98.5601959228516,26.2529258728027,1,550,"texas",NA
"551",-98.5716552734375,26.2414665222168,1,551,"texas",NA
"552",-98.583122253418,26.2471961975098,1,552,"texas",NA
"553",-98.5945816040039,26.2586555480957,1,553,"texas",NA
"554",-98.6289596557617,26.2586555480957,1,554,"texas",NA
"555",-98.6404190063477,26.2414665222168,1,555,"texas",NA
"556",-98.669059753418,26.2471961975098,1,556,"texas",NA
"557",-98.7435455322266,26.3102207183838,1,557,"texas",NA
"558",-98.7492752075195,26.3274116516113,1,558,"texas",NA
"559",-98.7721939086914,26.3388690948486,1,559,"texas",NA
"560",-98.8065719604492,26.3503284454346,1,560,"texas",NA
"561",-98.8294906616211,26.3675174713135,1,561,"texas",NA
"562",-98.8638687133789,26.3732471466064,1,562,"texas",NA
"563",-98.9097061157227,26.3675174713135,1,563,"texas",NA
"564",-98.9326171875,26.3789768218994,1,564,"texas",NA
"565",-98.9670028686523,26.3847064971924,1,565,"texas",NA
"566",-98.9899215698242,26.4018955230713,1,566,"texas",NA
"567",-99.0472183227539,26.4133548736572,1,567,"texas",NA
"568",-99.0701293945312,26.3961658477783,1,568,"texas",NA
"569",-99.0987777709961,26.4076251983643,1,569,"texas",NA
"570",-99.1045074462891,26.4305419921875,1,570,"texas",NA
"571",-99.0987777709961,26.4821090698242,1,571,"texas",NA
"572",-99.1560745239258,26.5508651733398,1,572,"texas",NA
"573",-99.1560745239258,26.585241317749,1,573,"texas",NA
"574",-99.1789932250977,26.6310787200928,1,574,"texas",NA
"575",-99.2019119262695,26.659725189209,1,575,"texas",NA
"576",-99.2076416015625,26.7055625915527,1,576,"texas",NA
"577",-99.2763977050781,26.8488025665283,1,577,"texas",NA
"578",-99.3165054321289,26.8659915924072,1,578,"texas",NA
"579",-99.3451461791992,26.911828994751,1,579,"texas",NA
"580",-99.3795318603516,26.9232883453369,1,580,"texas",NA
"581",-99.390983581543,26.9404754638672,1,581,"texas",NA
"582",-99.4024505615234,26.980583190918,1,582,"texas",NA
"583",-99.4253616333008,27.0035018920898,1,583,"texas",NA
"584",-99.4540176391602,27.0321483612061,1,584,"texas",NA
"585",-99.4654693603516,27.0607967376709,1,585,"texas",NA
"586",-99.4482879638672,27.0951747894287,1,586,"texas",NA
"587",-99.4368209838867,27.1238212585449,1,587,"texas",NA
"588",-99.4425582885742,27.2154941558838,1,588,"texas",NA
"589",-99.4425582885742,27.2384128570557,1,589,"texas",NA
"590",-99.4941253662109,27.2727909088135,1,590,"texas",NA
"591",-99.5055847167969,27.2957096099854,1,591,"texas",NA
"592",-99.5399627685547,27.3071689605713,1,592,"texas",NA
"593",-99.5227661132812,27.3415470123291,1,593,"texas",NA
"594",-99.5055847167969,27.3701934814453,1,594,"texas",NA
"595",-99.5113067626953,27.4103012084961,1,595,"texas",NA
"596",-99.5055847167969,27.4504070281982,1,596,"texas",NA
"597",-99.4998550415039,27.501974105835,1,597,"texas",NA
"598",-99.5342330932617,27.5077037811279,1,598,"texas",NA
"599",-99.5342330932617,27.5478115081787,1,599,"texas",NA
"600",-99.5456924438477,27.5879173278809,1,600,"texas",NA
"601",-99.6316299438477,27.6394844055176,1,601,"texas",NA
"602",-99.6545486450195,27.6280250549316,1,602,"texas",NA
"603",-99.6774673461914,27.6566715240479,1,603,"texas",NA
"604",-99.7175750732422,27.6624031066895,1,604,"texas",NA
"605",-99.751953125,27.6967792510986,1,605,"texas",NA
"606",-99.7863311767578,27.7311573028564,1,606,"texas",NA
"607",-99.7977828979492,27.7598037719727,1,607,"texas",NA
"608",-99.8264389038086,27.7655353546143,1,608,"texas",NA
"609",-99.8550872802734,27.7827224731445,1,609,"texas",NA
"610",-99.8722763061523,27.8171005249023,1,610,"texas",NA
"611",-99.8894577026367,27.8686676025391,1,611,"texas",NA
"612",-99.9295654296875,27.9145030975342,1,612,"texas",NA
"613",-99.9352951049805,27.948881149292,1,613,"texas",NA
"614",-99.9524917602539,27.9660701751709,1,614,"texas",NA
"615",-99.9754028320312,27.9660701751709,1,615,"texas",NA
"616",-99.9983291625977,27.9832592010498,1,616,"texas",NA
"617",-100.021240234375,28.0348262786865,1,617,"texas",NA
"618",-100.055618286133,28.0863914489746,1,618,"texas",NA
"619",-100.084266662598,28.1264991760254,1,619,"texas",NA
"620",-100.135833740234,28.1494159698486,1,620,"texas",NA
"621",-100.181671142578,28.1723346710205,1,621,"texas",NA
"622",-100.198860168457,28.1952533721924,1,622,"texas",NA
"623",-100.227508544922,28.2238998413086,1,623,"texas",NA
"624",-100.273345947266,28.2582778930664,1,624,"texas",NA
"625",-100.29052734375,28.2869262695312,1,625,"texas",NA
"626",-100.301986694336,28.3155746459961,1,626,"texas",NA
"627",-100.319183349609,28.332763671875,1,627,"texas",NA
"628",-100.324913024902,28.3671398162842,1,628,"texas",NA
"629",-100.330635070801,28.401517868042,1,629,"texas",NA
"630",-100.342094421387,28.4301662445068,1,630,"texas",NA
"631",-100.370742797852,28.4530849456787,1,631,"texas",NA
"632",-100.376472473145,28.470272064209,1,632,"texas",NA
"633",-100.365020751953,28.4931907653809,1,633,"texas",NA
"634",-100.370742797852,28.5103797912598,1,634,"texas",NA
"635",-100.399398803711,28.5218391418457,1,635,"texas",NA
"636",-100.422309875488,28.5390281677246,1,636,"texas",NA
"637",-100.428039550781,28.5676765441895,1,637,"texas",NA
"638",-100.422309875488,28.5848636627197,1,638,"texas",NA
"639",-100.439498901367,28.5905952453613,1,639,"texas",NA
"640",-100.456687927246,28.6077823638916,1,640,"texas",NA
"641",-100.468147277832,28.6421604156494,1,641,"texas",NA
"642",-100.508255004883,28.6536197662354,1,642,"texas",NA
"643",-100.525444030762,28.6822662353516,1,643,"texas",NA
"644",-100.525444030762,28.7223720550537,1,644,"texas",NA
"645",-100.55982208252,28.8025875091553,1,645,"texas",NA
"646",-100.582740783691,28.8140468597412,1,646,"texas",NA
"647",-100.594200134277,28.854154586792,1,647,"texas",NA
"648",-100.588470458984,28.8828029632568,1,648,"texas",NA
"649",-100.622848510742,28.8885307312012,1,649,"texas",NA
"650",-100.645767211914,28.911449432373,1,650,"texas",NA
"651",-100.662948608398,28.9572868347168,1,651,"texas",NA
"652",-100.685874938965,29.0546894073486,1,652,"texas",NA
"653",-100.691604614258,29.0718765258789,1,653,"texas",NA
"654",-100.71452331543,29.1177139282227,1,654,"texas",NA
"655",-100.760360717773,29.1520938873291,1,655,"texas",NA
"656",-100.789001464844,29.1750087738037,1,656,"texas",NA
"657",-100.806198120117,29.2208461761475,1,657,"texas",NA
"658",-100.806198120117,29.2437648773193,1,658,"texas",NA
"659",-100.834838867188,29.2552242279053,1,659,"texas",NA
"660",-100.869216918945,29.2781429290771,1,660,"texas",NA
"661",-100.903602600098,29.306791305542,1,661,"texas",NA
"662",-100.960891723633,29.3354396820068,1,662,"texas",NA
"663",-101.023918151855,29.364086151123,1,663,"texas",NA
"664",-101.05256652832,29.444299697876,1,664,"texas",NA
"665",-101.075485229492,29.4500312805176,1,665,"texas",NA
"666",-101.104133605957,29.4729499816895,1,666,"texas",NA
"667",-101.155693054199,29.4786796569824,1,667,"texas",NA
"668",-101.201530456543,29.5073261260986,1,668,"texas",NA
"669",-101.241638183594,29.5073261260986,1,669,"texas",NA
"670",-101.25309753418,29.5359745025635,1,670,"texas",NA
"671",-101.235908508301,29.5531635284424,1,671,"texas",NA
"672",-101.230186462402,29.5932693481445,1,672,"texas",NA
"673",-101.247367858887,29.6104583740234,1,673,"texas",NA
"674",-101.26456451416,29.6161880493164,1,674,"texas",NA
"675",-101.270294189453,29.5932693481445,1,675,"texas",NA
"676",-101.281745910645,29.5703506469727,1,676,"texas",NA
"677",-101.304672241211,29.5646209716797,1,677,"texas",NA
"678",-101.316131591797,29.5818119049072,1,678,"texas",NA
"679",-101.304672241211,29.621919631958,1,679,"texas",NA
"680",-101.304672241211,29.6448383331299,1,680,"texas",NA
"681",-101.321853637695,29.6333770751953,1,681,"texas",NA
"682",-101.350509643555,29.6391067504883,1,682,"texas",NA
"683",-101.361961364746,29.6505641937256,1,683,"texas",NA
"684",-101.390609741211,29.7422389984131,1,684,"texas",NA
"685",-101.40779876709,29.7422389984131,1,685,"texas",NA
"686",-101.436447143555,29.7307777404785,1,686,"texas",NA
"687",-101.459365844727,29.7365093231201,1,687,"texas",NA
"688",-101.46509552002,29.765157699585,1,688,"texas",NA
"689",-101.516662597656,29.759428024292,1,689,"texas",NA
"690",-101.539581298828,29.759428024292,1,690,"texas",NA
"691",-101.533851623535,29.7823467254639,1,691,"texas",NA
"692",-101.551040649414,29.7938041687012,1,692,"texas",NA
"693",-101.579689025879,29.7766151428223,1,693,"texas",NA
"694",-101.614059448242,29.7536964416504,1,694,"texas",NA
"695",-101.659896850586,29.7536964416504,1,695,"texas",NA
"696",-101.728660583496,29.759428024292,1,696,"texas",NA
"697",-101.751571655273,29.765157699585,1,697,"texas",NA
"698",-101.797409057617,29.7823467254639,1,698,"texas",NA
"699",-101.820327758789,29.7823467254639,1,699,"texas",NA
"700",-101.934921264648,29.765157699585,1,700,"texas",NA
"701",-101.963569641113,29.8052654266357,1,701,"texas",NA
"702",-102.049514770508,29.7766151428223,1,702,"texas",NA
"703",-102.221405029297,29.8396415710449,1,703,"texas",NA
"704",-102.272964477539,29.8625602722168,1,704,"texas",NA
"705",-102.324531555176,29.8682899475098,1,705,"texas",NA
"706",-102.364639282227,29.8511028289795,1,706,"texas",NA
"707",-102.381828308105,29.765157699585,1,707,"texas",NA
"708",-102.399017333984,29.7536964416504,1,708,"texas",NA
"709",-102.462043762207,29.759428024292,1,709,"texas",NA
"710",-102.502151489258,29.7823467254639,1,710,"texas",NA
"711",-102.52507019043,29.7536964416504,1,711,"texas",NA
"712",-102.547988891602,29.7422389984131,1,712,"texas",NA
"713",-102.576637268066,29.759428024292,1,713,"texas",NA
"714",-102.62247467041,29.7365093231201,1,714,"texas",NA
"715",-102.65111541748,29.7365093231201,1,715,"texas",NA
"716",-102.674041748047,29.7365093231201,1,716,"texas",NA
"717",-102.708419799805,29.6620254516602,1,717,"texas",NA
"718",-102.742790222168,29.6333770751953,1,718,"texas",NA
"719",-102.742790222168,29.5932693481445,1,719,"texas",NA
"720",-102.76570892334,29.6047306060791,1,720,"texas",NA
"721",-102.771438598633,29.5760822296143,1,721,"texas",NA
"722",-102.782897949219,29.5359745025635,1,722,"texas",NA
"723",-102.811546325684,29.5245132446289,1,723,"texas",NA
"724",-102.811546325684,29.4786796569824,1,724,"texas",NA
"725",-102.828735351562,29.4500312805176,1,725,"texas",NA
"726",-102.828735351562,29.4156551361084,1,726,"texas",NA
"727",-102.834465026855,29.364086151123,1,727,"texas",NA
"728",-102.880302429199,29.3468990325928,1,728,"texas",NA
"729",-102.897491455078,29.2953338623047,1,729,"texas",NA
"730",-102.903221130371,29.2666835784912,1,730,"texas",NA
"731",-102.880302429199,29.2151165008545,1,731,"texas",NA
"732",-102.908950805664,29.2151165008545,1,732,"texas",NA
"733",-102.937599182129,29.1864700317383,1,733,"texas",NA
"734",-102.989166259766,29.169282913208,1,734,"texas",NA
"735",-103.012077331543,29.1635513305664,1,735,"texas",NA
"736",-103.035003662109,29.1119842529297,1,736,"texas",NA
"737",-103.07511138916,29.0890693664551,1,737,"texas",NA
"738",-103.10375213623,29.0489616394043,1,738,"texas",NA
"739",-103.115219116211,28.991662979126,1,739,"texas",NA
"740",-103.132400512695,28.9744758605957,1,740,"texas",NA
"741",-103.161056518555,28.9859371185303,1,741,"texas",NA
"742",-103.195426940918,28.9859371185303,1,742,"texas",NA
"743",-103.258453369141,28.9744758605957,1,743,"texas",NA
"744",-103.287101745605,28.9744758605957,1,744,"texas",NA
"745",-103.338668823242,29.0375003814697,1,745,"texas",NA
"746",-103.350128173828,29.0375003814697,1,746,"texas",NA
"747",-103.373046875,29.0145816802979,1,747,"texas",NA
"748",-103.390235900879,29.0145816802979,1,748,"texas",NA
"749",-103.441802978516,29.0546894073486,1,749,"texas",NA
"750",-103.470443725586,29.0604190826416,1,750,"texas",NA
"751",-103.493370056152,29.1234455108643,1,751,"texas",NA
"752",-103.544929504395,29.1406326293945,1,752,"texas",NA
"753",-103.573585510254,29.1520938873291,1,753,"texas",NA
"754",-103.642333984375,29.1520938873291,1,754,"texas",NA
"755",-103.699630737305,29.1635513305664,1,755,"texas",NA
"756",-103.739738464355,29.1979274749756,1,756,"texas",NA
"757",-103.756927490234,29.2151165008545,1,757,"texas",NA
"758",-103.791305541992,29.2151165008545,1,758,"texas",NA
"759",-103.774116516113,29.2437648773193,1,759,"texas",NA
"760",-103.797035217285,29.2609539031982,1,760,"texas",NA
"761",-103.848602294922,29.2724151611328,1,761,"texas",NA
"762",-103.917350769043,29.2781429290771,1,762,"texas",NA
"763",-104.00902557373,29.2953338623047,1,763,"texas",NA
"764",-104.077781677246,29.3411674499512,1,764,"texas",NA
"765",-104.146537780762,29.381275177002,1,765,"texas",NA
"766",-104.186645507812,29.3984661102295,1,766,"texas",NA
"767",-104.22102355957,29.4500312805176,1,767,"texas",NA
"768",-104.238212585449,29.4786796569824,1,768,"texas",NA
"769",-104.284042358398,29.5073261260986,1,769,"texas",NA
"770",-104.347076416016,29.5187873840332,1,770,"texas",NA
"771",-104.381454467773,29.5302448272705,1,771,"texas",NA
"772",-104.43302154541,29.5875396728516,1,772,"texas",NA
"773",-104.473129272461,29.5932693481445,1,773,"texas",NA
"774",-104.513229370117,29.6276454925537,1,774,"texas",NA
"775",-104.536148071289,29.6505641937256,1,775,"texas",NA
"776",-104.57625579834,29.7823467254639,1,776,"texas",NA
"777",-104.610633850098,29.7938041687012,1,777,"texas",NA
"778",-104.639282226562,29.8625602722168,1,778,"texas",NA
"779",-104.67366027832,29.9083976745605,1,779,"texas",NA
"780",-104.696578979492,29.9943428039551,1,780,"texas",NA
"781",-104.696578979492,30.0802822113037,1,781,"texas",NA
"782",-104.685119628906,30.1433086395264,1,782,"texas",NA
"783",-104.702308654785,30.212064743042,1,783,"texas",NA
"784",-104.736679077148,30.2521705627441,1,784,"texas",NA
"785",-104.81689453125,30.3610343933105,1,785,"texas",NA
"786",-104.851280212402,30.3724918365479,1,786,"texas",NA
"787",-104.851280212402,30.4011421203613,1,787,"texas",NA
"788",-104.868461608887,30.4870853424072,1,788,"texas",NA
"789",-104.88565826416,30.5501117706299,1,789,"texas",NA
"790",-104.942947387695,30.5844879150391,1,790,"texas",NA
"791",-104.971603393555,30.6131362915039,1,791,"texas",NA
"792",-104.994514465332,30.6532440185547,1,792,"texas",NA
"793",-105.017433166504,30.664701461792,1,793,"texas",NA
"794",-105.069000244141,30.6761589050293,1,794,"texas",NA
"795",-105.114837646484,30.7162666320801,1,795,"texas",NA
"796",-105.166404724121,30.7506446838379,1,796,"texas",NA
"797",-105.223701477051,30.7792911529541,1,797,"texas",NA
"798",-105.286720275879,30.7964820861816,1,798,"texas",NA
"799",-105.389862060547,30.8480472564697,1,799,"texas",NA
"800",-105.475799560547,30.9168033599854,1,800,"texas",NA
"801",-105.544555664062,30.9683685302734,1,801,"texas",NA
"802",-105.57893371582,31.0199356079102,1,802,"texas",NA
"803",-105.596122741699,31.0657730102539,1,803,"texas",NA
"804",-105.687789916992,31.1287956237793,1,804,"texas",NA
"805",-105.762283325195,31.1517143249512,1,805,"texas",NA
"806",-105.802391052246,31.1918201446533,1,806,"texas",NA
"807",-105.871139526367,31.2663078308105,1,807,"texas",NA
"808",-105.922706604004,31.3006839752197,1,808,"texas",NA
"809",-105.957084655762,31.3465213775635,1,809,"texas",NA
"810",-105.997192382812,31.3808975219727,1,810,"texas",NA
"811",-106.025840759277,31.3808975219727,1,811,"texas",NA
"812",-106.083137512207,31.3808975219727,1,812,"texas",NA
"813",-106.117515563965,31.4095478057861,1,813,"texas",NA
"814",-106.163352966309,31.4381923675537,1,814,"texas",NA
"815",-106.214920043945,31.4611110687256,1,815,"texas",NA
"816",-106.237831115723,31.5126800537109,1,816,"texas",NA
"817",-106.283668518066,31.5585174560547,1,817,"texas",NA
"818",-106.312316894531,31.6100807189941,1,818,"texas",NA
"819",-106.340965270996,31.6731071472168,1,819,"texas",NA
"820",-106.392532348633,31.7475910186768,1,820,"texas",NA
"821",-106.472747802734,31.7418632507324,1,821,"texas",NA
"822",-106.512855529785,31.7533206939697,1,822,"texas",NA
"823",-106.547225952148,31.7819690704346,1,823,"texas",NA
"824",-106.598793029785,31.8220767974854,1,824,"texas",NA
"825",-106.638900756836,31.8679141998291,1,825,"texas",NA
"826",-106.644630432129,31.9022903442383,1,826,"texas",NA
"827",-106.638900756836,31.948127746582,1,827,"texas",NA
"828",-106.650367736816,31.9825038909912,1,828,"texas",NA
"829",-106.62744140625,31.9939613342285,1,829,"texas",NA
"830",-106.461288452148,31.9939613342285,1,830,"texas",NA
"831",-106.38680267334,31.9882354736328,1,831,"texas",NA
"832",-105.997192382812,31.9939613342285,1,832,"texas",NA
"833",-104.91429901123,31.9882354736328,1,833,"texas",NA
"834",-104.845550537109,31.9939613342285,1,834,"texas",NA
"835",-104.014755249023,31.9939613342285,1,835,"texas",NA
"836",-103.963188171387,31.9939613342285,1,836,"texas",NA
"837",-103.716819763184,31.9939613342285,1,837,"texas",NA
"838",-103.361587524414,31.9939613342285,1,838,"texas",NA
"839",-103.07511138916,31.9939613342285,1,839,"texas",NA
"840",-103.07511138916,32.0741806030273,1,840,"texas",NA
"841",-103.07511138916,32.5096244812012,1,841,"texas",NA
"842",-103.069381713867,32.9450721740723,1,842,"texas",NA
"843",-103.06364440918,33.3862533569336,1,843,"texas",NA
"844",-103.06364440918,33.5524101257324,1,844,"texas",NA
"845",-103.057914733887,33.8217010498047,1,845,"texas",NA
"846",-103.052185058594,34.2972526550293,1,846,"texas",NA
"847",-103.052185058594,34.3144416809082,1,847,"texas",NA
"848",-103.046455383301,34.7327003479004,1,848,"texas",NA
"849",-103.046455383301,34.93896484375,1,849,"texas",NA
"850",-103.046455383301,35.1738777160645,1,850,"texas",NA
"851",-103.046455383301,35.6093292236328,1,851,"texas",NA
"852",-103.046455383301,35.7296485900879,1,852,"texas",NA
"853",-103.046455383301,36.0447769165039,1,853,"texas",NA
"854",-103.046455383301,36.4802207946777,1,854,"texas",NA
"855",-103.000625610352,36.4802207946777,1,855,"texas",NA
"856",-102.15837097168,36.4916839599609,1,856,"texas",NA
"857",-102.01513671875,36.4916839599609,1,857,"texas",NA
"858",-101.625526428223,36.4916839599609,1,858,"texas",NA
"859",-101.075485229492,36.4859504699707,1,859,"texas",NA
"860",-100.943710327148,36.4916839599609,1,860,"texas",NA
"861",-100.542633056641,36.4916839599609,1,861,"texas",NA
"862",-100.004051208496,36.4916839599609,1,862,"texas",NA
"863",-100.004051208496,36.0447769165039,1,863,"texas",NA
"864",-100.004051208496,35.8786201477051,1,864,"texas",NA
"865",-100.009780883789,35.6150550842285,1,865,"texas",NA
"866",-100.004051208496,35.4145202636719,1,866,"texas",NA
"867",-100.009780883789,35.1796112060547,1,867,"texas",NA
"868",-100.004051208496,35.0306396484375,1,868,"texas",NA
"869",-100.004051208496,34.7498931884766,1,869,"texas",NA
"870",-99.9983291625977,34.5608139038086,1,870,"texas",NA
"871",-99.9868698120117,34.5608139038086,1,871,"texas",NA
"872",-99.9467620849609,34.5608139038086,1,872,"texas",NA
"873",-99.9181060791016,34.5608139038086,1,873,"texas",NA
"874",-99.8894577026367,34.5493545532227,1,874,"texas",NA
"875",-99.8493576049805,34.5207099914551,1,875,"texas",NA
"876",-99.8207092285156,34.5035171508789,1,876,"texas",NA
"877",-99.8092498779297,34.4748725891113,1,877,"texas",NA
"878",-99.757682800293,34.4347648620605,1,878,"texas",NA
"879",-99.7175750732422,34.3889274597168,1,879,"texas",NA
"880",-99.6889266967773,34.3774681091309,1,880,"texas",NA
"881",-99.6602783203125,34.3831977844238,1,881,"texas",NA
"882",-99.6087112426758,34.3717384338379,1,882,"texas",NA
"883",-99.5915222167969,34.3774681091309,1,883,"texas",NA
"884",-99.574333190918,34.4118461608887,1,884,"texas",NA
"885",-99.562873840332,34.4175758361816,1,885,"texas",NA
"886",-99.4998550415039,34.4175758361816,1,886,"texas",NA
"887",-99.4711990356445,34.4118461608887,1,887,"texas",NA
"888",-99.4310913085938,34.3774681091309,1,888,"texas",NA
"889",-99.4081802368164,34.3774681091309,1,889,"texas",NA
"890",-99.390983581543,34.4003829956055,1,890,"texas",NA
"891",-99.38525390625,34.4404945373535,1,891,"texas",NA
"892",-99.3738021850586,34.4462203979492,1,892,"texas",NA
"893",-99.3566131591797,34.4576835632324,1,893,"texas",NA
"894",-99.3336944580078,34.4462203979492,1,894,"texas",NA
"895",-99.3165054321289,34.4233016967773,1,895,"texas",NA
"896",-99.293586730957,34.4118461608887,1,896,"texas",NA
"897",-99.2649383544922,34.4003829956055,1,897,"texas",NA
"898",-99.2362899780273,34.3660087585449,1,898,"texas",NA
"899",-99.2133712768555,34.343090057373,1,899,"texas",NA
"900",-99.1904525756836,34.343090057373,1,900,"texas",NA
"901",-99.1904525756836,34.3087120056152,1,901,"texas",NA
"902",-99.2019119262695,34.2456855773926,1,902,"texas",NA
"903",-99.1904525756836,34.2227668762207,1,903,"texas",NA
"904",-99.1618041992188,34.211311340332,1,904,"texas",NA
"905",-99.0930557250977,34.2055816650391,1,905,"texas",NA
"906",-99.0414886474609,34.2055816650391,1,906,"texas",NA
"907",-99.0128326416016,34.211311340332,1,907,"texas",NA
"908",-98.9841842651367,34.2227668762207,1,908,"texas",NA
"909",-98.9498138427734,34.211311340332,1,909,"texas",NA
"910",-98.9211654663086,34.1826629638672,1,910,"texas",NA
"911",-98.8810577392578,34.1654739379883,1,911,"texas",NA
"912",-98.8352203369141,34.1540107727051,1,912,"texas",NA
"913",-98.8008422851562,34.1540107727051,1,913,"texas",NA
"914",-98.7664642333984,34.1482849121094,1,914,"texas",NA
"915",-98.7492752075195,34.1310958862305,1,915,"texas",NA
"916",-98.7206344604492,34.1368255615234,1,916,"texas",NA
"917",-98.6919784545898,34.1540107727051,1,917,"texas",NA
"918",-98.657600402832,34.1540107727051,1,918,"texas",NA
"919",-98.6289596557617,34.1540107727051,1,919,"texas",NA
"920",-98.6060333251953,34.176929473877,1,920,"texas",NA
"921",-98.5773849487305,34.1540107727051,1,921,"texas",NA
"922",-98.5544738769531,34.1425552368164,1,922,"texas",NA
"923",-98.5372848510742,34.0967178344727,1,923,"texas",NA
"924",-98.5086364746094,34.0737991333008,1,924,"texas",NA
"925",-98.485710144043,34.0623397827148,1,925,"texas",NA
"926",-98.4456100463867,34.0680732727051,1,926,"texas",NA
"927",-98.4226913452148,34.0852584838867,1,927,"texas",NA
"928",-98.4112319946289,34.0852584838867,1,928,"texas",NA
"929",-98.39404296875,34.1425552368164,1,929,"texas",NA
"930",-98.3825836181641,34.1540107727051,1,930,"texas",NA
"931",-98.3539352416992,34.1654739379883,1,931,"texas",NA
"932",-98.3252868652344,34.1540107727051,1,932,"texas",NA
"933",-98.2794494628906,34.1253662109375,1,933,"texas",NA
"934",-98.210693359375,34.1196365356445,1,934,"texas",NA
"935",-98.1820526123047,34.1196365356445,1,935,"texas",NA
"936",-98.1591262817383,34.1310958862305,1,936,"texas",NA
"937",-98.130485534668,34.1540107727051,1,937,"texas",NA
"938",-98.1132888793945,34.1482849121094,1,938,"texas",NA
"939",-98.0903778076172,34.1368255615234,1,939,"texas",NA
"940",-98.0846481323242,34.1196365356445,1,940,"texas",NA
"941",-98.1018371582031,34.0852584838867,1,941,"texas",NA
"942",-98.0961074829102,34.039421081543,1,942,"texas",NA
"943",-98.0731811523438,34.0107727050781,1,943,"texas",NA
"944",-98.0445404052734,33.9993171691895,1,944,"texas",NA
"945",-97.9987030029297,34.0107727050781,1,945,"texas",NA
"946",-97.9643249511719,33.9935836791992,1,946,"texas",NA
"947",-97.947135925293,33.9821281433105,1,947,"texas",NA
"948",-97.9643249511719,33.9534797668457,1,948,"texas",NA
"949",-97.9757843017578,33.9191017150879,1,949,"texas",NA
"950",-97.9757843017578,33.9133720397949,1,950,"texas",NA
"951",-97.9528656005859,33.8675346374512,1,951,"texas",NA
"952",-97.9070281982422,33.8503456115723,1,952,"texas",NA
"953",-97.8841094970703,33.8388862609863,1,953,"texas",NA
"954",-97.8611907958984,33.8388862609863,1,954,"texas",NA
"955",-97.8325424194336,33.8618049621582,1,955,"texas",NA
"956",-97.8038940429688,33.896183013916,1,956,"texas",NA
"957",-97.7809753417969,33.9248313903809,1,957,"texas",NA
"958",-97.763786315918,33.9420204162598,1,958,"texas",NA
"959",-97.7351455688477,33.9534797668457,1,959,"texas",NA
"960",-97.7179489135742,33.9763984680176,1,960,"texas",NA
"961",-97.6950378417969,33.9821281433105,1,961,"texas",NA
"962",-97.6549224853516,33.9821281433105,1,962,"texas",NA
"963",-97.6205444335938,33.9763984680176,1,963,"texas",NA
"964",-97.5976333618164,33.9420204162598,1,964,"texas",NA
"965",-97.5861740112305,33.907642364502,1,965,"texas",NA
"966",-97.5632553100586,33.901912689209,1,966,"texas",NA
"967",-97.5460662841797,33.9248313903809,1,967,"texas",NA
"968",-97.5174179077148,33.9133720397949,1,968,"texas",NA
"969",-97.48876953125,33.9133720397949,1,969,"texas",NA
"970",-97.4658508300781,33.8789939880371,1,970,"texas",NA
"971",-97.4543914794922,33.8331565856934,1,971,"texas",NA
"972",-97.4257431030273,33.8102378845215,1,972,"texas",NA
"973",-97.3913650512695,33.7987823486328,1,973,"texas",NA
"974",-97.3283386230469,33.8675346374512,1,974,"texas",NA
"975",-97.305419921875,33.8618049621582,1,975,"texas",NA
"976",-97.2767791748047,33.8618049621582,1,976,"texas",NA
"977",-97.2595825195312,33.901912689209,1,977,"texas",NA
"978",-97.2366714477539,33.9133720397949,1,978,"texas",NA
"979",-97.2080154418945,33.901912689209,1,979,"texas",NA
"980",-97.1851043701172,33.8675346374512,1,980,"texas",NA
"981",-97.1736373901367,33.8446159362793,1,981,"texas",NA
"982",-97.1908340454102,33.8217010498047,1,982,"texas",NA
"983",-97.2137451171875,33.7930526733398,1,983,"texas",NA
"984",-97.1965637207031,33.7529449462891,1,984,"texas",NA
"985",-97.1679077148438,33.7185668945312,1,985,"texas",NA
"986",-97.1392669677734,33.7128372192383,1,986,"texas",NA
"987",-97.1106185913086,33.7242965698242,1,987,"texas",NA
"988",-97.0991592407227,33.7529449462891,1,988,"texas",NA
"989",-97.0991592407227,33.7987823486328,1,989,"texas",NA
"990",-97.0819625854492,33.8102378845215,1,990,"texas",NA
"991",-97.1106185913086,33.8274269104004,1,991,"texas",NA
"992",-97.1106185913086,33.8503456115723,1,992,"texas",NA
"993",-97.0876998901367,33.8560752868652,1,993,"texas",NA
"994",-97.0590515136719,33.8446159362793,1,994,"texas",NA
"995",-97.0361328125,33.8331565856934,1,995,"texas",NA
"996",-96.9788360595703,33.8847236633301,1,996,"texas",NA
"997",-96.9902954101562,33.9534797668457,1,997,"texas",NA
"998",-96.9444580078125,33.9534797668457,1,998,"texas",NA
"999",-96.9158096313477,33.9649391174316,1,999,"texas",NA
"1000",-96.8928909301758,33.9477462768555,1,1000,"texas",NA
"1001",-96.8814315795898,33.8560752868652,1,1001,"texas",NA
"1002",-96.8642501831055,33.8446159362793,1,1002,"texas",NA
"1003",-96.8413238525391,33.8618049621582,1,1003,"texas",NA
"1004",-96.8012161254883,33.8618049621582,1,1004,"texas",NA
"1005",-96.7668380737305,33.8331565856934,1,1005,"texas",NA
"1006",-96.7381973266602,33.8217010498047,1,1006,"texas",NA
"1007",-96.7152709960938,33.8331565856934,1,1007,"texas",NA
"1008",-96.6923599243164,33.8847236633301,1,1008,"texas",NA
"1009",-96.66943359375,33.9133720397949,1,1009,"texas",NA
"1010",-96.6407928466797,33.907642364502,1,1010,"texas",NA
"1011",-96.6350631713867,33.8847236633301,1,1011,"texas",NA
"1012",-96.6121444702148,33.8847236633301,1,1012,"texas",NA
"1013",-96.5949554443359,33.890453338623,1,1013,"texas",NA
"1014",-96.589225769043,33.8675346374512,1,1014,"texas",NA
"1015",-96.6121444702148,33.8503456115723,1,1015,"texas",NA
"1016",-96.6350631713867,33.8446159362793,1,1016,"texas",NA
"1017",-96.6236038208008,33.8217010498047,1,1017,"texas",NA
"1018",-96.5433883666992,33.8102378845215,1,1018,"texas",NA
"1019",-96.5261993408203,33.7873191833496,1,1019,"texas",NA
"1020",-96.5147399902344,33.7644004821777,1,1020,"texas",NA
"1021",-96.4803619384766,33.7644004821777,1,1021,"texas",NA
"1022",-96.4574508666992,33.770133972168,1,1022,"texas",NA
"1023",-96.4230651855469,33.7472152709961,1,1023,"texas",NA
"1024",-96.3886871337891,33.7242965698242,1,1024,"texas",NA
"1025",-96.3657760620117,33.6956481933594,1,1025,"texas",NA
"1026",-96.3371200561523,33.6956481933594,1,1026,"texas",NA
"1027",-96.3142013549805,33.7414855957031,1,1027,"texas",NA
"1028",-96.2912902832031,33.7472152709961,1,1028,"texas",NA
"1029",-96.2626342773438,33.7529449462891,1,1029,"texas",NA
"1030",-96.2339935302734,33.7529449462891,1,1030,"texas",NA
"1031",-96.2110748291016,33.7529449462891,1,1031,"texas",NA
"1032",-96.1881561279297,33.770133972168,1,1032,"texas",NA
"1033",-96.1537780761719,33.8217010498047,1,1033,"texas",NA
"1034",-96.1136703491211,33.8331565856934,1,1034,"texas",NA
"1035",-96.0678329467773,33.8560752868652,1,1035,"texas",NA
"1036",-95.9990768432617,33.8503456115723,1,1036,"texas",NA
"1037",-95.9818878173828,33.8388862609863,1,1037,"texas",NA
"1038",-95.9647064208984,33.8675346374512,1,1038,"texas",NA
"1039",-95.9188690185547,33.8675346374512,1,1039,"texas",NA
"1040",-95.8615646362305,33.8675346374512,1,1040,"texas",NA
"1041",-95.8271942138672,33.8675346374512,1,1041,"texas",NA
"1042",-95.7870864868164,33.8675346374512,1,1042,"texas",NA
"1043",-95.7928161621094,33.896183013916,1,1043,"texas",NA
"1044",-95.7813568115234,33.9133720397949,1,1044,"texas",NA
"1045",-95.7469787597656,33.907642364502,1,1045,"texas",NA
"1046",-95.7297897338867,33.9191017150879,1,1046,"texas",NA
"1047",-95.7011413574219,33.907642364502,1,1047,"texas",NA
"1048",-95.6610336303711,33.9248313903809,1,1048,"texas",NA
"1049",-95.6209259033203,33.9592094421387,1,1049,"texas",NA
"1050",-95.5865478515625,33.9592094421387,1,1050,"texas",NA
"1051",-95.5636291503906,33.9534797668457,1,1051,"texas",NA
"1052",-95.5521774291992,33.9133720397949,1,1052,"texas",NA
"1053",-95.5292510986328,33.896183013916,1,1053,"texas",NA
"1054",-95.4834136962891,33.901912689209,1,1054,"texas",NA
"1055",-95.4375762939453,33.890453338623,1,1055,"texas",NA
"1056",-95.4031982421875,33.8847236633301,1,1056,"texas",NA
"1057",-95.3688278198242,33.901912689209,1,1057,"texas",NA
"1058",-95.3229904174805,33.9133720397949,1,1058,"texas",NA
"1059",-95.3000717163086,33.907642364502,1,1059,"texas",NA
"1060",-95.2828826904297,33.9133720397949,1,1060,"texas",NA
"1061",-95.2656936645508,33.9592094421387,1,1061,"texas",NA
"1062",-95.2427749633789,33.9821281433105,1,1062,"texas",NA
"1063",-95.1625595092773,33.9763984680176,1,1063,"texas",NA
"1064",-95.1453704833984,33.9649391174316,1,1064,"texas",NA
"1065",-95.1109924316406,33.9420204162598,1,1065,"texas",NA
"1066",-95.0938110351562,33.9191017150879,1,1066,"texas",NA
"1067",-95.0708847045898,33.896183013916,1,1067,"texas",NA
"1068",-95.0307769775391,33.8847236633301,1,1068,"texas",NA
"1069",-94.9906692504883,33.890453338623,1,1069,"texas",NA
"1070",-94.9677581787109,33.8789939880371,1,1070,"texas",NA
"1071",-94.956298828125,33.8503456115723,1,1071,"texas",NA
"1072",-94.8989944458008,33.7930526733398,1,1072,"texas",NA
"1073",-94.8646240234375,33.7758636474609,1,1073,"texas",NA
"1074",-94.8302459716797,33.7758636474609,1,1074,"texas",NA
"1075",-94.7958679199219,33.7758636474609,1,1075,"texas",NA
"1076",-94.7844085693359,33.7529449462891,1,1076,"texas",NA
"1077",-94.7500305175781,33.7472152709961,1,1077,"texas",NA
"1078",-94.7328414916992,33.7300262451172,1,1078,"texas",NA
"1079",-94.7156524658203,33.7357559204102,1,1079,"texas",NA
"1080",-94.6984634399414,33.7185668945312,1,1080,"texas",NA
"1081",-94.6812744140625,33.7300262451172,1,1081,"texas",NA
"1082",-94.6640853881836,33.7242965698242,1,1082,"texas",NA
"1083",-94.6640853881836,33.6956481933594,1,1083,"texas",NA
"1084",-94.6469039916992,33.6956481933594,1,1084,"texas",NA
"1085",-94.6239776611328,33.7071075439453,1,1085,"texas",NA
"1086",-94.5781402587891,33.6899185180664,1,1086,"texas",NA
"1087",-94.5494995117188,33.6612701416016,1,1087,"texas",NA
"1088",-94.4979248046875,33.6669998168945,1,1088,"texas",NA