"lon","lat","predicted_price"
-123.316845809937,44.5253890612624,258936.156253179
-123.316845809937,44.527396067573,257258.382216794
-123.316845809937,44.5294030738836,255543.108172891
-123.316845809937,44.5314100801942,253790.96776772
-123.316845809937,44.5334170865047,252002.412614449
-123.316845809937,44.5354240928153,250178.742433537
-123.316845809937,44.5374310991259,248323.760399846
-123.316845809937,44.5394381054365,246446.199898628
-123.316845809937,44.5414451117471,244562.833838846
-123.316845809937,44.5434521180577,242701.914158544
-123.316845809937,44.5454591243683,240906.660502856
-123.316845809937,44.5474661306789,239239.807970561
-123.316845809937,44.5494731369894,237782.723454375
-123.316845809937,44.5514801433,236601.592878316
-123.316845809937,44.5534871496106,235750.251179684
-123.316845809937,44.5554941559212,235287.281117285
-123.316845809937,44.5575011622318,235287.174259807
-123.316845809937,44.5595081685424,235829.695751046
-123.316845809937,44.561515174853,236954.321720495
-123.316845809937,44.5635221811636,238587.956514511
-123.316845809937,44.5655291874741,240610.712820428
-123.316845809937,44.5675361937847,242921.742037756
-123.316845809937,44.5695432000953,245442.815691825
-123.316845809937,44.5715502064059,248111.146245534
-123.316845809937,44.5735572127165,250873.698512517
-123.316845809937,44.5755642190271,253685.022808389
-123.316845809937,44.5775712253377,256506.196731143
-123.316845809937,44.5795782316483,259303.163922452
-123.316845809937,44.5815852379588,262044.671762177
-123.316845809937,44.5835922442694,264699.807727487
-123.316845809937,44.58559925058,267235.149943421
-123.316845809937,44.5876062568906,269611.800751126
-123.316845809937,44.5896132632012,271785.138685873
-123.316845809937,44.5916202695118,273720.570408938
-123.316845809937,44.5936272758224,275410.05698975
-123.316845809937,44.595634282133,276864.386590043
-123.316845809937,44.5976412884435,278110.745601909
-123.316845809937,44.5996482947541,279182.89690076
-123.316845809937,44.6016553010647,280112.681329535
-123.316845809937,44.6036623073753,280928.379706585
-123.314028802725,44.5253890612624,256579.185322248
-123.314028802725,44.527396067573,255082.469037054
-123.314028802725,44.5294030738836,253557.879868339
-123.314028802725,44.5314100801942,252004.407083588
-123.314028802725,44.5334170865047,250419.55591193
-123.314028802725,44.5354240928153,248800.056545196
-123.314028802725,44.5374310991259,247143.439189985
-123.314028802725,44.5394381054365,245451.063184217
-123.314028802725,44.5414451117471,243732.723598631
-123.314028802725,44.5434521180577,242011.852736407
-123.314028802725,44.5454591243683,240330.550135163
-123.314028802725,44.5474661306789,238754.348572248
-123.314028802725,44.5494731369894,237374.705104575
-123.314028802725,44.5514801433,236278.022203776
-123.314028802725,44.5534871496106,235520.863833383
-123.314028802725,44.5554941559212,235154.938891895
-123.314028802725,44.5575011622318,235235.073429684
-123.314028802725,44.5595081685424,235811.038534049
-123.314028802725,44.561515174853,236911.13477797
-123.314028802725,44.5635221811636,238473.255732574
-123.314028802725,44.5655291874741,240395.098228501
-123.314028802725,44.5675361937847,242589.84100127
-123.314028802725,44.5695432000953,244986.73812418
-123.314028802725,44.5715502064059,247528.27000938
-123.314028802725,44.5735572127165,250162.459530909
-123.314028802725,44.5755642190271,252845.555025682
-123.314028802725,44.5775712253377,255541.761168939
-123.314028802725,44.5795782316483,258220.374889429
-123.314028802725,44.5815852379588,260853.096532552
-123.314028802725,44.5835922442694,263411.147026149
-123.314028802725,44.58559925058,265862.468909835
-123.314028802725,44.5876062568906,268169.991316521
-123.314028802725,44.5896132632012,270291.609473224
-123.314028802725,44.5916202695118,272190.506205284
-123.314028802725,44.5936272758224,273855.271184913
-123.314028802725,44.595634282133,275288.526640502
-123.314028802725,44.5976412884435,276511.945390663
-123.314028802725,44.5996482947541,277560.91972127
-123.314028802725,44.6016553010647,278471.805458749
-123.314028802725,44.6036623073753,279273.042527896
-123.311211795514,44.5253890612624,254147.150995303
-123.311211795514,44.527396067573,252848.828831568
-123.311211795514,44.5294030738836,251537.454410528
-123.311211795514,44.5314100801942,250211.409118842
-123.311211795514,44.5334170865047,248866.276736628
-123.311211795514,44.5354240928153,247494.858572152
-123.311211795514,44.5374310991259,246087.810119411
-123.311211795514,44.5394381054365,244636.431864216
-123.311211795514,44.5414451117471,243140.138600174
-123.311211795514,44.5434521180577,241614.66617757
-123.311211795514,44.5454591243683,240097.271691528
-123.311211795514,44.5474661306789,238652.887797283
-123.311211795514,44.5494731369894,237377.790913472
-123.311211795514,44.5514801433,236367.177677606
-123.311211795514,44.5534871496106,235692.260270891
-123.311211795514,44.5554941559212,235414.613940998
-123.311211795514,44.5575011622318,235575.620292512
-123.311211795514,44.5595081685424,236191.344672245
-123.311211795514,44.561515174853,237253.357128674
-123.311211795514,44.5635221811636,238710.029170667
-123.311211795514,44.5655291874741,240488.566497357
-123.311211795514,44.5675361937847,242517.280957314
-123.311211795514,44.5695432000953,244732.991648498
-123.311211795514,44.5715502064059,247081.404056267
-123.311211795514,44.5735572127165,249515.208045994
-123.311211795514,44.5755642190271,251995.011659029
-123.311211795514,44.5775712253377,254489.431152733
-123.311211795514,44.5795782316483,256973.068266497
-123.311211795514,44.5815852379588,259423.564787318
-123.311211795514,44.5835922442694,261818.132649945
-123.311211795514,44.58559925058,264129.90398733
-123.311211795514,44.5876062568906,266325.035613236
-123.311211795514,44.5896132632012,268363.443354311
-123.311211795514,44.5916202695118,270207.395240463
-123.311211795514,44.5936272758224,271831.044071661
-123.311211795514,44.595634282133,273222.769409866
-123.311211795514,44.5976412884435,274403.475843882
-123.311211795514,44.5996482947541,275420.630727914
-123.311211795514,44.6016553010647,276315.429341122
-123.311211795514,44.6036623073753,277121.027000437
-123.308394788302,44.5253890612624,251593.826239837
-123.308394788302,44.527396067573,250499.245677322
-123.308394788302,44.5294030738836,249410.556594475
-123.308394788302,44.5314100801942,248326.774743658
-123.308394788302,44.5334170865047,247243.114582907
-123.308394788302,44.5354240928153,246150.326776842
-123.308394788302,44.5374310991259,245033.936139646
-123.308394788302,44.5394381054365,243872.472299489
-123.308394788302,44.5414451117471,242648.946245239
-123.308394788302,44.5434521180577,241369.19781506
-123.308394788302,44.5454591243683,240060.645188541
-123.308394788302,44.5474661306789,238785.313110211
-123.308394788302,44.5494731369894,237637.898772659
-123.308394788302,44.5514801433,236718.441039507
-123.308394788302,44.5534871496106,236123.832728713
-123.308394788302,44.5554941559212,235923.821355385
-123.308394788302,44.5575011622318,236150.81960001
-123.308394788302,44.5595081685424,236783.910203583
-123.308394788302,44.561515174853,237791.510956427
-123.308394788302,44.5635221811636,239130.732246068
-123.308394788302,44.5655291874741,240746.338497921
-123.308394788302,44.5675361937847,242579.321651789
-123.308394788302,44.5695432000953,244573.49736866
-123.308394788302,44.5715502064059,246678.737739574
-123.308394788302,44.5735572127165,248852.502871187
-123.308394788302,44.5755642190271,251060.954544129
-123.308394788302,44.5775712253377,253279.208562147
-123.308394788302,44.5795782316483,255489.970738686
-123.308394788302,44.5815852379588,257680.560510663
-123.308394788302,44.5835922442694,259838.768799616
-123.308394788302,44.58559925058,261948.047423185
-123.308394788302,44.5876062568906,263982.14141716
-123.308394788302,44.5896132632012,265899.513404142
-123.308394788302,44.5916202695118,267653.071790506
-123.308394788302,44.5936272758224,269207.028557072
-123.308394788302,44.595634282133,270540.898422576
-123.308394788302,44.5976412884435,271679.796188195
-123.308394788302,44.5996482947541,272678.672456242
-123.308394788302,44.6016553010647,273581.05625932
-123.308394788302,44.6036623073753,274419.622247787
-123.305577781091,44.5253890612624,248869.801443342
-123.305577781091,44.527396067573,247969.700698369
-123.305577781091,44.5294030738836,247096.258999749
-123.305577781091,44.5314100801942,246249.994172211
-123.305577781091,44.5334170865047,245426.855665858
-123.305577781091,44.5354240928153,244616.930232159
-123.305577781091,44.5374310991259,243802.600748154
-123.305577781091,44.5394381054365,242956.574483032
-123.305577781091,44.5414451117471,242046.641509961
-123.305577781091,44.5434521180577,241048.14073278
-123.305577781091,44.5454591243683,239978.292215336
-123.305577781091,44.5474661306789,238896.958668427
-123.305577781091,44.5494731369894,237911.915556264
-123.305577781091,44.5514801433,237135.017318489
-123.305577781091,44.5534871496106,236654.524656243
-123.305577781091,44.5554941559212,236532.537074228
-123.305577781091,44.5575011622318,236793.799384264
-123.305577781091,44.5595081685424,237414.736800204
-123.305577781091,44.561515174853,238356.997657475
-123.305577781091,44.5635221811636,239577.20641042
-123.305577781091,44.5655291874741,241025.947892431
-123.305577781091,44.5675361937847,242650.77052822
-123.305577781091,44.5695432000953,244400.314183034
-123.305577781091,44.5715502064059,246227.952921355
-123.305577781091,44.5735572127165,248094.794658494
-123.305577781091,44.5755642190271,249972.161733453
-123.305577781091,44.5775712253377,251842.975104339
-123.305577781091,44.5795782316483,253700.898284255
-123.305577781091,44.5815852379588,255546.757603744
-123.305577781091,44.5835922442694,257383.002772243
-123.305577781091,44.58559925058,259207.265692854
-123.305577781091,44.5876062568906,261005.091989118
-123.305577781091,44.5896132632012,262740.66375661
-123.305577781091,44.5916202695118,264351.881534342
-123.305577781091,44.5936272758224,265802.173315686
-123.305577781091,44.595634282133,267090.213667596
-123.305577781091,44.5976412884435,268226.077307203
-123.305577781091,44.5996482947541,269250.99479116
-123.305577781091,44.6016553010647,270208.495195835
-123.305577781091,44.6036623073753,271125.732698045
-123.302760773879,44.5253890612624,245931.309960105
-123.302760773879,44.527396067573,245201.396758344
-123.302760773879,44.5294030738836,244517.929251022
-123.302760773879,44.5314100801942,243883.179405394
-123.302760773879,44.5334170865047,243294.138307289
-123.302760773879,44.5354240928153,242740.829382852
-123.302760773879,44.5374310991259,242204.126538505
-123.302760773879,44.5394381054365,241653.036308163
-123.302760773879,44.5414451117471,241050.34446313
-123.302760773879,44.5434521180577,240339.961888285
-123.302760773879,44.5454591243683,239517.936818965
-123.302760773879,44.5474661306789,238659.535958885
-123.302760773879,44.5494731369894,237889.357429513
-123.302760773879,44.5514801433,237310.202995065
-123.302760773879,44.5534871496106,236992.423149311
-123.302760773879,44.5554941559212,236981.933194825
-123.302760773879,44.5575011622318,237295.478079907
-123.302760773879,44.5595081685424,237913.180785542
-123.302760773879,44.561515174853,238799.832538176
-123.302760773879,44.5635221811636,239912.683549252
-123.302760773879,44.5655291874741,241203.917366574
-123.302760773879,44.5675361937847,242623.151797177
-123.302760773879,44.5695432000953,244120.679491983
-123.302760773879,44.5715502064059,245650.995638542
-123.302760773879,44.5735572127165,247176.486266131
-123.302760773879,44.5755642190271,248671.713467276
-123.302760773879,44.5775712253377,250127.647535848
-123.302760773879,44.5795782316483,251552.070244586
-123.302760773879,44.5815852379588,252963.925895612
-123.302760773879,44.5835922442694,254384.595828734
-123.302760773879,44.58559925058,255828.985589305
-123.302760773879,44.5876062568906,257296.969587213
-123.302760773879,44.5896132632012,258765.955396958
-123.302760773879,44.5916202695118,260191.374288873
-123.302760773879,44.5936272758224,261539.018393982
-123.302760773879,44.595634282133,262798.470362863
-123.302760773879,44.5976412884435,263976.20320397
-123.302760773879,44.5996482947541,265086.013917774
-123.302760773879,44.6016553010647,266159.51677926
-123.302760773879,44.6036623073753,267220.045290961
-123.299943766668,44.5253890612624,242749.786651362
-123.299943766668,44.527396067573,242152.959301476
-123.299943766668,44.5294030738836,241619.084512359
-123.299943766668,44.5314100801942,241152.12485405
-123.299943766668,44.5334170865047,240749.862258003
-123.299943766668,44.5354240928153,240401.253602584
-123.299943766668,44.5374310991259,240083.0318646
-123.299943766668,44.5394381054365,239756.565696207
-123.299943766668,44.5414451117471,239381.634590426
-123.299943766668,44.5434521180577,238922.357954275
-123.299943766668,44.5454591243683,238375.527319227
-123.299943766668,44.5474661306789,237814.099754555
-123.299943766668,44.5494731369894,237334.894035428
-123.299943766668,44.5514801433,237017.082113123
-123.299943766668,44.5534871496106,236916.44013232
-123.299943766668,44.5554941559212,237066.395921675
-123.299943766668,44.5575011622318,237475.884777867
-123.299943766668,44.5595081685424,238127.214348909
-123.299943766668,44.561515174853,238989.540320561
-123.299943766668,44.5635221811636,240022.487765623
-123.299943766668,44.5655291874741,241178.964201756
-123.299943766668,44.5675361937847,242408.289394064
-123.299943766668,44.5695432000953,243659.79274924
-123.299943766668,44.5715502064059,244886.743151828
-123.299943766668,44.5735572127165,246049.953395532
-123.299943766668,44.5755642190271,247122.555875331
-123.299943766668,44.5775712253377,248101.97065524
-123.299943766668,44.5795782316483,249015.697020835
-123.299943766668,44.5815852379588,249907.905615967
-123.299943766668,44.5835922442694,250824.781301894
-123.299943766668,44.58559925058,251804.233283915
-123.299943766668,44.5876062568906,252866.664580157
-123.299943766668,44.5896132632012,254007.992350277
-123.299943766668,44.5916202695118,255212.926478852
-123.299943766668,44.5936272758224,256454.379616082
-123.299943766668,44.595634282133,257706.863948578
-123.299943766668,44.5976412884435,258959.450935024
-123.299943766668,44.5996482947541,260209.876209389
-123.299943766668,44.6016553010647,261467.280142722
-123.299943766668,44.6036623073753,262743.100384886
-123.297126759456,44.5253890612624,239319.998538908
-123.297126759456,44.527396067573,238810.603076057
-123.297126759456,44.5294030738836,238376.149308393
-123.297126759456,44.5314100801942,238022.595010397
-123.297126759456,44.5334170865047,237749.460711058
-123.297126759456,44.5354240928153,237546.541523485
-123.297126759456,44.5374310991259,237388.764644048
-123.297126759456,44.5394381054365,237232.751310207
-123.297126759456,44.5414451117471,237042.618650132
-123.297126759456,44.5434521180577,236807.644192556
-123.297126759456,44.5454591243683,236547.212599651
-123.297126759456,44.5474661306789,236313.662942123
-123.297126759456,44.5494731369894,236162.704124012
-123.297126759456,44.5514801433,236149.216157259
-123.297126759456,44.5534871496106,236312.213046215
-123.297126759456,44.5554941559212,236670.147572368
-123.297126759456,44.5575011622318,237221.392888338
-123.297126759456,44.5595081685424,237950.416700422
-123.297126759456,44.561515174853,238829.857581223
-123.297126759456,44.5635221811636,239820.715991885
-123.297126759456,44.5655291874741,240875.218827492
-123.297126759456,44.5675361937847,241940.1019228
-123.297126759456,44.5695432000953,242960.598572225
-123.297126759456,44.5715502064059,243885.96329798
-123.297126759456,44.5735572127165,244675.660006452
-123.297126759456,44.5755642190271,245297.512607565
-123.297126759456,44.5775712253377,245748.85077735
-123.297126759456,44.5795782316483,246087.760113107
-123.297126759456,44.5815852379588,246389.920677636
-123.297126759456,44.5835922442694,246732.105773302
-123.297126759456,44.58559925058,247180.471116466
-123.297126759456,44.5876062568906,247784.092322934
-123.297126759456,44.5896132632012,248570.651926033
-123.297126759456,44.5916202695118,249542.912877819
-123.297126759456,44.5936272758224,250680.256957675
-123.297126759456,44.595634282133,251948.109533688
-123.297126759456,44.5976412884435,253316.62033719
-123.297126759456,44.5996482947541,254759.238382261
-123.297126759456,44.6016553010647,256261.599458166
-123.297126759456,44.6036623073753,257813.119208817
-123.294309752245,44.5253890612624,235665.166510044
-123.294309752245,44.527396067573,235194.205482751
-123.294309752245,44.5294030738836,234805.263180524
-123.294309752245,44.5314100801942,234506.713948384
-123.294309752245,44.5334170865047,234301.126538327
-123.294309752245,44.5354240928153,234182.728619691
-123.294309752245,44.5374310991259,234133.10843417
-123.294309752245,44.5394381054365,234108.70197228
-123.294309752245,44.5414451117471,234083.750593458
-123.294309752245,44.5434521180577,234067.810530556
-123.294309752245,44.5454591243683,234088.205117556
-123.294309752245,44.5474661306789,234178.540856321
-123.294309752245,44.5494731369894,234365.389126282
-123.294309752245,44.5514801433,234677.070795655
-123.294309752245,44.5534871496106,235134.16131721
-123.294309752245,44.5554941559212,235737.717131347
-123.294309752245,44.5575011622318,236473.452969389
-123.294309752245,44.5595081685424,237324.18957932
-123.294309752245,44.561515174853,238264.783288022
-123.294309752245,44.5635221811636,239255.421200079
-123.294309752245,44.5655291874741,240245.724217805
-123.294309752245,44.5675361937847,241177.825206318
-123.294309752245,44.5695432000953,241988.820538063
-123.294309752245,44.5715502064059,242616.105304195
-123.294309752245,44.5735572127165,243009.676742858
-123.294309752245,44.5755642190271,243148.25679741
-123.294309752245,44.5775712253377,243050.983755893
-123.294309752245,44.5795782316483,242787.234965889
-123.294309752245,44.5815852379588,242461.413239945
-123.294309752245,44.5835922442694,242187.63962546
-123.294309752245,44.58559925058,242071.263078044
-123.294309752245,44.5876062568906,242196.57788577
-123.294309752245,44.5896132632012,242619.429725416
-123.294309752245,44.5916202695118,243361.69471137
-123.294309752245,44.5936272758224,244408.968709405
-123.294309752245,44.595634282133,245722.453011909
-123.294309752245,44.5976412884435,247250.395166583
-123.294309752245,44.5996482947541,248937.25493194
-123.294309752245,44.6016553010647,250731.416015225
-123.294309752245,44.6036623073753,252599.655113626
-123.291492745033,44.5253890612624,231838.398080601
-123.291492745033,44.527396067573,231358.847320259
-123.291492745033,44.5294030738836,230964.039373374
-123.291492745033,44.5314100801942,230665.169724646
-123.291492745033,44.5334170865047,230468.248732352
-123.291492745033,44.5354240928153,230371.952111057
-123.291492745033,44.5374310991259,230365.396975313
-123.291492745033,44.5394381054365,230430.481775168
-123.291492745033,44.5414451117471,230557.711425529
-123.291492745033,44.5434521180577,230756.502056929
-123.291492745033,44.5454591243683,231048.320464416
-123.291492745033,44.5474661306789,231449.799852304
-123.291492745033,44.5494731369894,231969.735327657
-123.291492745033,44.5514801433,232616.230137006
-123.291492745033,44.5534871496106,233386.799798994
-123.291492745033,44.5554941559212,234264.919909475
-123.291492745033,44.5575011622318,235220.786632828
-123.291492745033,44.5595081685424,236236.359959563
-123.291492745033,44.561515174853,237281.83997473
-123.291492745033,44.5635221811636,238312.917320775
-123.291492745033,44.5655291874741,239275.049432616
-123.291492745033,44.5675361937847,240105.584713868
-123.291492745033,44.5695432000953,240733.889702739
-123.291492745033,44.5715502064059,241081.76175189
-123.291492745033,44.5735572127165,241086.614100171
-123.291492745033,44.5755642190271,240729.823851647
-123.291492745033,44.5775712253377,240069.990098423
-123.291492745033,44.5795782316483,239201.255258845
-123.291492745033,44.5815852379588,238253.676123614
-123.291492745033,44.5835922442694,237371.68961197
-123.291492745033,44.58559925058,236703.694577798
-123.291492745033,44.5876062568906,236370.577425066
-123.291492745033,44.5896132632012,236455.544641877
-123.291492745033,44.5916202695118,236995.340397309
-123.291492745033,44.5936272758224,237979.310294138
-123.291492745033,44.595634282133,239365.36942389
-123.291492745033,44.5976412884435,241076.867979565
-123.291492745033,44.5996482947541,243023.23533701
-123.291492745033,44.6016553010647,245124.349569747
-123.291492745033,44.6036623073753,247319.334247616
-123.288675737822,44.5253890612624,227920.350708559
-123.288675737822,44.527396067573,227391.428914613
-123.288675737822,44.5294030738836,226947.112940972
-123.288675737822,44.5314100801942,226602.771255466
-123.288675737822,44.5334170865047,226369.920684925
-123.288675737822,44.5354240928153,226255.016345424
-123.288675737822,44.5374310991259,226259.46737541
-123.288675737822,44.5394381054365,226382.679876207
-123.288675737822,44.5414451117471,226628.171942083
-123.288675737822,44.5434521180577,227007.090642048
-123.288675737822,44.5454591243683,227533.026726635
-123.288675737822,44.5474661306789,228215.085549676
-123.288675737822,44.5494731369894,229052.60101545
-123.288675737822,44.5514801433,230030.879322181
-123.288675737822,44.5534871496106,231123.245064584
-123.288675737822,44.5554941559212,232295.562116935
-123.288675737822,44.5575011622318,233509.160555464
-123.288675737822,44.5595081685424,234730.535937538
-123.288675737822,44.561515174853,235919.822596235
-123.288675737822,44.5635221811636,237026.15615994
-123.288675737822,44.5655291874741,237989.030561065
-123.288675737822,44.5675361937847,238738.694537424
-123.288675737822,44.5695432000953,239194.99262429
-123.288675737822,44.5715502064059,239280.597368857
-123.288675737822,44.5735572127165,238932.666013579
-123.288675737822,44.5755642190271,238133.73920335
-123.288675737822,44.5775712253377,236948.2861388
-123.288675737822,44.5795782316483,235513.53835592
-123.288675737822,44.5815852379588,233996.613972938
-123.288675737822,44.5835922442694,232575.658780106
-123.288675737822,44.58559925058,231421.852139463
-123.288675737822,44.5876062568906,230687.927625187
-123.288675737822,44.5896132632012,230488.266622789
-123.288675737822,44.5916202695118,230880.479445563
-123.288675737822,44.5936272758224,231848.802212121
-123.288675737822,44.595634282133,233326.716184571
-123.288675737822,44.5976412884435,235218.400379753
-123.288675737822,44.5996482947541,237400.284530496
-123.288675737822,44.6016553010647,239775.853901215
-123.288675737822,44.6036623073753,242262.13699719
-123.28585873061,44.5253890612624,224014.155499512
-123.28585873061,44.527396067573,223403.306876889
-123.28585873061,44.5294030738836,222875.02943103
-123.28585873061,44.5314100801942,222450.744359291
-123.28585873061,44.5334170865047,222149.943724963
-123.28585873061,44.5354240928153,221989.239349964
-123.28585873061,44.5374310991259,221982.127512208
-123.28585873061,44.5394381054365,222139.908478893
-123.28585873061,44.5414451117471,222473.698542206
-123.28585873061,44.5434521180577,222997.593369712
-123.28585873061,44.5454591243683,223721.810746181
-123.28585873061,44.5474661306789,224653.8564873
-123.28585873061,44.5494731369894,225784.495205181
-123.28585873061,44.5514801433,227079.963915227
-123.28585873061,44.5534871496106,228490.430552297
-123.28585873061,44.5554941559212,229966.809439195
-123.28585873061,44.5575011622318,231456.717262888
-123.28585873061,44.5595081685424,232908.636099941
-123.28585873061,44.561515174853,234270.038894608
-123.28585873061,44.5635221811636,235480.458319576
-123.28585873061,44.5655291874741,236470.919513226
-123.28585873061,44.5675361937847,237164.047923576
-123.28585873061,44.5695432000953,237474.207512201
-123.28585873061,44.5715502064059,237322.578828611
-123.28585873061,44.5735572127165,236659.570698649
-123.28585873061,44.5755642190271,235484.435725228
-123.28585873061,44.5775712253377,233867.809816772
-123.28585873061,44.5795782316483,231976.782407718
-123.28585873061,44.5815852379588,230007.046136975
-123.28585873061,44.5835922442694,228160.613507812
-123.28585873061,44.58559925058,226627.907460516
-123.28585873061,44.5876062568906,225586.824965
-123.28585873061,44.5896132632012,225190.504702128
-123.28585873061,44.5916202695118,225506.742216304
-123.28585873061,44.5936272758224,226515.03443552
-123.28585873061,44.595634282133,228095.46950065
-123.28585873061,44.5976412884435,230105.846259165
-123.28585873061,44.5996482947541,232440.258805613
-123.28585873061,44.6016553010647,235005.125713398
-123.28585873061,44.6036623073753,237693.891411521
-123.283041723399,44.5253890612624,220239.9874023
-123.283041723399,44.527396067573,219523.008908732
-123.283041723399,44.5294030738836,218884.02640149
-123.283041723399,44.5314100801942,218352.086318424
-123.283041723399,44.5334170865047,217956.495785401
-123.283041723399,44.5354240928153,217725.499792912
-123.283041723399,44.5374310991259,217685.054140069
-123.283041723399,44.5394381054365,217857.886343232
-123.283041723399,44.5414451117471,218262.85481077
-123.283041723399,44.5434521180577,218913.983214708
-123.283041723399,44.5454591243683,219819.454683802
-123.283041723399,44.5474661306789,220978.050272656
-123.283041723399,44.5494731369894,222372.241109522
-123.283041723399,44.5514801433,223955.465462415
-123.283041723399,44.5534871496106,225666.004555511
-123.283041723399,44.5554941559212,227439.12401243
-123.283041723399,44.5575011622318,229207.853444118
-123.283041723399,44.5595081685424,230902.778732795
-123.283041723399,44.561515174853,232457.537216782
-123.283041723399,44.5635221811636,233800.711917182
-123.283041723399,44.5655291874741,234853.437893987
-123.283041723399,44.5675361937847,235531.398552526
-123.283041723399,44.5695432000953,235747.899584819
-123.283041723399,44.5715502064059,235419.459643926
-123.283041723399,44.5735572127165,234510.733238125
-123.283041723399,44.5755642190271,233046.474813222
-123.283041723399,44.5775712253377,231115.65849295
-123.283041723399,44.5795782316483,228902.706536448
-123.283041723399,44.5815852379588,226624.823601494
-123.283041723399,44.5835922442694,224500.97762323
-123.283041723399,44.58559925058,222735.071540672
-123.283041723399,44.5876062568906,221528.685675964
-123.283041723399,44.5896132632012,221038.233560018
-123.283041723399,44.5916202695118,221320.10252558
-123.283041723399,44.5936272758224,222351.442155356
-123.283041723399,44.595634282133,223981.503633059
-123.283041723399,44.5976412884435,226039.887129174
-123.283041723399,44.5996482947541,228423.088162949
-123.283041723399,44.6016553010647,231041.592531273
-123.283041723399,44.6036623073753,233799.947455429
-123.280224716187,44.5253890612624,216731.252590313
-123.280224716187,44.527396067573,215892.306040709
-123.280224716187,44.5294030738836,215122.177260536
-123.280224716187,44.5314100801942,214458.583946166
-123.280224716187,44.5334170865047,213942.015086784
-123.280224716187,44.5354240928153,213613.734881481
-123.280224716187,44.5374310991259,213513.373999206
-123.280224716187,44.5394381054365,213676.125768608
-123.280224716187,44.5414451117471,214129.621625605
-123.280224716187,44.5434521180577,214890.687371448
-123.280224716187,44.5454591243683,215962.244310594
-123.280224716187,44.5474661306789,217330.684723556
-123.280224716187,44.5494731369894,218964.421983848
-123.280224716187,44.5514801433,220813.005459474
-123.280224716187,44.5534871496106,222806.703918809
-123.280224716187,44.5554941559212,224863.700619943
-123.280224716187,44.5575011622318,226903.483777131
-123.280224716187,44.5595081685424,228846.1528279
-123.280224716187,44.561515174853,230612.028028104
-123.280224716187,44.5635221811636,232118.64052358
-123.280224716187,44.5655291874741,233278.459411504
-123.280224716187,44.5675361937847,233999.548826902
-123.280224716187,44.5695432000953,234189.540456391
-123.280224716187,44.5715502064059,233770.539611681
-123.280224716187,44.5735572127165,232715.781920236
-123.280224716187,44.5755642190271,231074.10653314
-123.280224716187,44.5775712253377,228959.672466604
-123.280224716187,44.5795782316483,226562.908015316
-123.280224716187,44.5815852379588,224120.286644224
-123.280224716187,44.5835922442694,221869.988905357
-123.280224716187,44.58559925058,220040.193032572
-123.280224716187,44.5876062568906,218814.004821713
-123.280224716187,44.5896132632012,218303.755538396
-123.280224716187,44.5916202695118,218557.782478152
-123.280224716187,44.5936272758224,219539.006106486
-123.280224716187,44.595634282133,221098.866240803
-123.280224716187,44.5976412884435,223089.100586703
-123.280224716187,44.5996482947541,225400.052932605
-123.280224716187,44.6016553010647,227942.773490674
-123.280224716187,44.6036623073753,230640.30286931
-123.277407708975,44.5253890612624,213632.443580629
-123.277407708975,44.527396067573,212665.372299169
-123.277407708975,44.5294030738836,211750.543659678
-123.277407708975,44.5314100801942,210935.00302519
-123.277407708975,44.5334170865047,210271.427128541
-123.277407708975,44.5354240928153,209815.365960938
-123.277407708975,44.5374310991259,209621.848277946
-123.277407708975,44.5394381054365,209740.759092977
-123.277407708975,44.5414451117471,210211.045009536
-123.277407708975,44.5434521180577,211054.722968898
-123.277407708975,44.5454591243683,212271.671824205
-123.277407708975,44.5474661306789,213836.690525246
-123.277407708975,44.5494731369894,215701.353380959
-123.277407708975,44.5514801433,217802.140115284
-123.277407708975,44.5534871496106,220058.96740718
-123.277407708975,44.5554941559212,222379.324674044
-123.277407708975,44.5575011622318,224674.478554903
-123.277407708975,44.5595081685424,226857.397799134
-123.277407708975,44.561515174853,228840.369769879
-123.277407708975,44.5635221811636,230533.602325566
-123.277407708975,44.5655291874741,231844.448299667
-123.277407708975,44.5675361937847,232677.407914678
-123.277407708975,44.5695432000953,232935.713721703
-123.277407708975,44.5715502064059,232527.012184328
-123.277407708975,44.5735572127165,231428.100730967
-123.277407708975,44.5755642190271,229720.168259059
-123.277407708975,44.5775712253377,227548.874089236
-123.277407708975,44.5795782316483,225108.508483634
-123.277407708975,44.5815852379588,222635.954171254
-123.277407708975,44.5835922442694,220384.172478533
-123.277407708975,44.58559925058,218585.294182629
-123.277407708975,44.5876062568906,217382.393697614
-123.277407708975,44.5896132632012,216882.019264959
-123.277407708975,44.5916202695118,217088.129920118
-123.277407708975,44.5936272758224,217940.122386356
-123.277407708975,44.595634282133,219329.45838589
-123.277407708975,44.5976412884435,221140.065277103
-123.277407708975,44.5996482947541,223270.096982388
-123.277407708975,44.6016553010647,225635.290527389
-123.277407708975,44.6036623073753,228167.389819886
-123.274590701764,44.5253890612624,211096.959899757
-123.274590701764,44.527396067573,210008.29796558
-123.274590701764,44.5294030738836,208945.330958129
-123.274590701764,44.5314100801942,207965.19775507
-123.274590701764,44.5334170865047,207133.257189463
-123.274590701764,44.5354240928153,206519.693408633
-123.274590701764,44.5374310991259,206196.653147187
-123.274590701764,44.5394381054365,206232.230835225
-123.274590701764,44.5414451117471,206680.615879597
-123.274590701764,44.5434521180577,207573.146599993
-123.274590701764,44.5454591243683,208910.612252828
-123.274590701764,44.5474661306789,210656.391399964
-123.274590701764,44.5494731369894,212740.194956472
-123.274590701764,44.5514801433,215073.413498414
-123.274590701764,44.5534871496106,217561.02561419
-123.274590701764,44.5554941559212,220108.255965652
-123.274590701764,44.5575011622318,222624.349593468
-123.274590701764,44.5595081685424,225020.389463061
-123.274590701764,44.561515174853,227204.886524282
-123.274590701764,44.5635221811636,229084.416406976
-123.274590701764,44.5655291874741,230565.04841947
-123.274590701764,44.5675361937847,231549.990949128
-123.274590701764,44.5695432000953,231939.854936723
-123.274590701764,44.5715502064059,231632.79304886
-123.274590701764,44.5735572127165,230592.874653479
-123.274590701764,44.5755642190271,228938.454691431
-123.274590701764,44.5775712253377,226832.969754212
-123.274590701764,44.5795782316483,224473.57823735
-123.274590701764,44.5815852379588,222092.851998244
-123.274590701764,44.5835922442694,219932.676328336
-123.274590701764,44.58559925058,218191.094996298
-123.274590701764,44.5876062568906,217007.618981838
-123.274590701764,44.5896132632012,216466.121703318
-123.274590701764,44.5916202695118,216573.213272546
-123.274590701764,44.5936272758224,217258.493452927
-123.274590701764,44.595634282133,218431.875559884
-123.274590701764,44.5976412884435,220000.591339753
-123.274590701764,44.5996482947541,221876.259827345
-123.274590701764,44.6016553010647,223984.877092979
-123.274590701764,44.6036623073753,226268.765700056
-123.271773694552,44.5253890612624,209281.193715586
-123.271773694552,44.527396067573,208094.5860498
-123.271773694552,44.5294030738836,206896.090275555
-123.271773694552,44.5314100801942,205755.095981445
-123.271773694552,44.5334170865047,204749.643103466
-123.271773694552,44.5354240928153,203961.187228844
-123.271773694552,44.5374310991259,203478.828155598
-123.271773694552,44.5394381054365,203395.026818537
-123.271773694552,44.5414451117471,203781.898096849
-123.271773694552,44.5434521180577,204681.455223635
-123.271773694552,44.5454591243683,206103.919769199
-123.271773694552,44.5474661306789,208002.097203469
-123.271773694552,44.5494731369894,210268.901706109
-123.271773694552,44.5514801433,212787.42963967
-123.271773694552,44.5534871496106,215449.51030652
-123.271773694552,44.5554941559212,218159.422060099
-123.271773694552,44.5575011622318,220831.251722572
-123.271773694552,44.5595081685424,223382.318990661
-123.271773694552,44.561515174853,225719.897207759
-123.271773694552,44.5635221811636,227748.575577854
-123.271773694552,44.5655291874741,229376.432639883
-123.271773694552,44.5675361937847,230506.489558675
-123.271773694552,44.5695432000953,231031.830584835
-123.271773694552,44.5715502064059,230859.745948688
-123.271773694552,44.5735572127165,229981.021074975
-123.271773694552,44.5755642190271,228496.044448516
-123.271773694552,44.5775712253377,226571.518514207
-123.271773694552,44.5795782316483,224395.200767116
-123.271773694552,44.5815852379588,222180.045602966
-123.271773694552,44.5835922442694,220139.494417472
-123.271773694552,44.58559925058,218466.519431056
-123.271773694552,44.5876062568906,217305.901562063
-123.271773694552,44.5896132632012,216722.198194309
-123.271773694552,44.5916202695118,216716.191565284
-123.271773694552,44.5936272758224,217221.944461453
-123.271773694552,44.595634282133,218156.627967636
-123.271773694552,44.5976412884435,219448.739555281
-123.271773694552,44.5996482947541,221020.923542451
-123.271773694552,44.6016553010647,222814.424130264
-123.271773694552,44.6036623073753,224787.616172932
-123.268956687341,44.5253890612624,208325.160444453
-123.268956687341,44.527396067573,207091.572826691
-123.268956687341,44.5294030738836,205795.871925569
-123.268956687341,44.5314100801942,204526.78745201
-123.268956687341,44.5334170865047,203379.126022652
-123.268956687341,44.5354240928153,202433.054680979
-123.268956687341,44.5374310991259,201790.401012389
-123.268956687341,44.5394381054365,201579.752097641
-123.268956687341,44.5414451117471,201885.264169805
-123.268956687341,44.5434521180577,202752.401204084
-123.268956687341,44.5454591243683,204199.742798991
-123.268956687341,44.5474661306789,206177.99495776
-123.268956687341,44.5494731369894,208534.108193457
-123.268956687341,44.5514801433,211135.422714178
-123.268956687341,44.5534871496106,213864.808730596
-123.268956687341,44.5554941559212,216632.587265618
-123.268956687341,44.5575011622318,219358.990391543
-123.268956687341,44.5595081685424,221965.006649529
-123.268956687341,44.561515174853,224362.246032295
-123.268956687341,44.5635221811636,226458.936859057
-123.268956687341,44.5655291874741,228164.755493237
-123.268956687341,44.5675361937847,229387.487425228
-123.268956687341,44.5695432000953,230014.527393937
-123.268956687341,44.5715502064059,229978.198669354
-123.268956687341,44.5735572127165,229299.584455467
-123.268956687341,44.5755642190271,228066.091400334
-123.268956687341,44.5775712253377,226419.148456095
-123.268956687341,44.5795782316483,224512.907897458
-123.268956687341,44.5815852379588,222532.247225871
-123.268956687341,44.5835922442694,220672.665299096
-123.268956687341,44.58559925058,219109.297215438
-123.268956687341,44.5876062568906,217981.838987072
-123.268956687341,44.5896132632012,217372.301173418
-123.268956687341,44.5916202695118,217259.673263642
-123.268956687341,44.5936272758224,217580.926612091
-123.268956687341,44.595634282133,218263.68862647
-123.268956687341,44.5976412884435,219246.77710053
-123.268956687341,44.5996482947541,220474.015404439
-123.268956687341,44.6016553010647,221909.32998358
-123.268956687341,44.6036623073753,223530.309157793
-123.266139680129,44.5253890612624,208308.295643306
-123.266139680129,44.527396067573,207131.906101425
-123.266139680129,44.5294030738836,205831.741353421
-123.266139680129,44.5314100801942,204509.905234368
-123.266139680129,44.5334170865047,203292.514341593
-123.266139680129,44.5354240928153,202253.590349804
-123.266139680129,44.5374310991259,201513.810499025
-123.266139680129,44.5394381054365,201227.721871114
-123.266139680129,44.5414451117471,201469.377783903
-123.266139680129,44.5434521180577,202265.673189975
-123.266139680129,44.5454591243683,203625.721246773
-123.266139680129,44.5474661306789,205499.420079311
-123.266139680129,44.5494731369894,207757.488688048
-123.266139680129,44.5514801433,210264.665845959
-123.266139680129,44.5534871496106,212903.084467981
-123.266139680129,44.5554941559212,215581.851651804
-123.266139680129,44.5575011622318,218223.16177045
-123.266139680129,44.5595081685424,220748.812684841
-123.266139680129,44.561515174853,223078.218623775
-123.266139680129,44.5635221811636,225130.308145916
-123.266139680129,44.5655291874741,226812.351386084
-123.266139680129,44.5675361937847,228034.710835517
-123.266139680129,44.5695432000953,228702.56581345
-123.266139680129,44.5715502064059,228780.359361856
-123.266139680129,44.5735572127165,228307.672627988
-123.266139680129,44.5755642190271,227356.442464763
-123.266139680129,44.5775712253377,226026.971289648
-123.266139680129,44.5795782316483,224432.17182076
-123.266139680129,44.5815852379588,222735.275860968
-123.266139680129,44.5835922442694,221110.658692011
-123.266139680129,44.58559925058,219719.501749723
-123.266139680129,44.5876062568906,218686.796042534
-123.266139680129,44.5896132632012,218072.033115376
-123.266139680129,44.5916202695118,217862.461041284
-123.266139680129,44.5936272758224,218001.930261753
-123.266139680129,44.595634282133,218425.880438793
-123.266139680129,44.5976412884435,219086.707007778
-123.266139680129,44.5996482947541,219951.129205472
-123.266139680129,44.6016553010647,221013.141051123
-123.266139680129,44.6036623073753,222270.792086375
-123.263322672918,44.5253890612624,209180.971628497
-123.263322672918,44.527396067573,208220.197838534
-123.263322672918,44.5294030738836,207085.861667614
-123.263322672918,44.5314100801942,205848.318420725
-123.263322672918,44.5334170865047,204651.299110999
-123.263322672918,44.5354240928153,203590.355661945
-123.263322672918,44.5374310991259,202786.596841801
-123.263322672918,44.5394381054365,202428.593303259
-123.263322672918,44.5414451117471,202575.897464504
-123.263322672918,44.5434521180577,203223.562053676
-123.263322672918,44.5454591243683,204368.566429396
-123.263322672918,44.5474661306789,205969.159769153
-123.263322672918,44.5494731369894,207940.064910792
-123.263322672918,44.5514801433,210169.725817738
-123.263322672918,44.5534871496106,212543.990393038
-123.263322672918,44.5554941559212,214970.495098171
-123.263322672918,44.5575011622318,217373.563642882
-123.263322672918,44.5595081685424,219680.096359687
-123.263322672918,44.561515174853,221815.627890823
-123.263322672918,44.5635221811636,223702.123725706
-123.263322672918,44.5655291874741,225253.58522177
-123.263322672918,44.5675361937847,226386.386721279
-123.263322672918,44.5695432000953,227035.430713272
-123.263322672918,44.5715502064059,227180.946212746
-123.263322672918,44.5735572127165,226862.723594535
-123.263322672918,44.5755642190271,226142.921931814
-123.263322672918,44.5775712253377,225088.012657094
-123.263322672918,44.5795782316483,223790.914563524
-123.263322672918,44.5815852379588,222378.673343515
-123.263322672918,44.5835922442694,220997.941530483
-123.263322672918,44.58559925058,219799.416987593
-123.263322672918,44.5876062568906,218890.938897667
-123.263322672918,44.5896132632012,218317.676218365
-123.263322672918,44.5916202695118,218056.013579044
-123.263322672918,44.5936272758224,218041.037535126
-123.263322672918,44.595634282133,218224.226397788
-123.263322672918,44.5976412884435,218586.419387455
-123.263322672918,44.5996482947541,219119.297844993
-123.263322672918,44.6016553010647,219839.404228064
-123.263322672918,44.6036623073753,220764.754955438
-123.260505665706,44.5253890612624,210694.752628673
-123.260505665706,44.527396067573,210099.81837966
-123.260505665706,44.5294030738836,209293.96255024
-123.260505665706,44.5314100801942,208300.644454672
-123.260505665706,44.5334170865047,207224.415355278
-123.260505665706,44.5354240928153,206201.527988004
-123.260505665706,44.5374310991259,205373.760755209
-123.260505665706,44.5394381054365,204895.212543049
-123.260505665706,44.5414451117471,204841.323597511
-123.260505665706,44.5434521180577,205225.754463585
-123.260505665706,44.5454591243683,206050.786834701
-123.260505665706,44.5474661306789,207280.404748035
-123.260505665706,44.5494731369894,208846.51389202
-123.260505665706,44.5514801433,210662.308596573
-123.260505665706,44.5534871496106,212634.412624959
-123.260505665706,44.5554941559212,214680.089261396
-123.260505665706,44.5575011622318,216728.558310697
-123.260505665706,44.5595081685424,218707.917123716
-123.260505665706,44.561515174853,220545.90681655
-123.260505665706,44.5635221811636,222168.739597022
-123.260505665706,44.5655291874741,223499.621108879
-123.260505665706,44.5675361937847,224473.033893458
-123.260505665706,44.5695432000953,225045.209284757
-123.260505665706,44.5715502064059,225196.403835704
-123.260505665706,44.5735572127165,224949.070957171
-123.260505665706,44.5755642190271,224355.196223217
-123.260505665706,44.5775712253377,223478.599643295
-123.260505665706,44.5795782316483,222399.396332906
-123.260505665706,44.5815852379588,221215.213510519
-123.260505665706,44.5835922442694,220049.413708082
-123.260505665706,44.58559925058,219021.089508147
-123.260505665706,44.5876062568906,218219.227925663
-123.260505665706,44.5896132632012,217685.064569753
-123.260505665706,44.5916202695118,217390.370902962
-123.260505665706,44.5936272758224,217252.369370832
-123.260505665706,44.595634282133,217237.05312015
-123.260505665706,44.5976412884435,217362.946784852
-123.260505665706,44.5996482947541,217651.331970197
-123.260505665706,44.6016553010647,218107.786276882
-123.260505665706,44.6036623073753,218776.143467829
-123.257688658495,44.5253890612624,212396.271950627
-123.257688658495,44.527396067573,212220.115800515
-123.257688658495,44.5294030738836,211818.06480721
-123.257688658495,44.5314100801942,211143.223986439
-123.257688658495,44.5334170865047,210279.998564744
-123.257688658495,44.5354240928153,209357.719999391
-123.257688658495,44.5374310991259,208503.246945351
-123.257688658495,44.5394381054365,207865.566611191
-123.257688658495,44.5414451117471,207565.984595239
-123.257688658495,44.5434521180577,207646.96371572
-123.257688658495,44.5454591243683,208117.539278965
-123.257688658495,44.5474661306789,208942.840520183
-123.257688658495,44.5494731369894,210064.573335164
-123.257688658495,44.5514801433,211419.080216582
-123.257688658495,44.5534871496106,212936.792490333
-123.257688658495,44.5554941559212,214547.846838194
-123.257688658495,44.5575011622318,216184.157497478
-123.257688658495,44.5595081685424,217776.794073123
-123.257688658495,44.561515174853,219257.35991564
-123.257688658495,44.5635221811636,220559.128342647
-123.257688658495,44.5655291874741,221619.923412712
-123.257688658495,44.5675361937847,222388.250246693
-123.257688658495,44.5695432000953,222827.628791553
-123.257688658495,44.5715502064059,222914.679833312
-123.257688658495,44.5735572127165,222661.017046644
-123.257688658495,44.5755642190271,222108.417897893
-123.257688658495,44.5775712253377,221313.180412983
-123.257688658495,44.5795782316483,220347.355428505
-123.257688658495,44.5815852379588,219295.858814
-123.257688658495,44.5835922442694,218252.606760856
-123.257688658495,44.58559925058,217307.995863999
-123.257688658495,44.5876062568906,216532.674858396
-123.257688658495,44.5896132632012,215961.640041095
-123.257688658495,44.5916202695118,215575.090859197
-123.257688658495,44.5936272758224,215318.672595165
-123.257688658495,44.595634282133,215171.216584317
-123.257688658495,44.5976412884435,215147.814558959
-123.257688658495,44.5996482947541,215279.58832194
-123.257688658495,44.6016553010647,215590.27860997
-123.257688658495,44.6036623073753,216130.540268029
-123.254871651283,44.5253890612624,213794.286990426
-123.254871651283,44.527396067573,213897.785210604
-123.254871651283,44.5294030738836,213801.395179488
-123.254871651283,44.5314100801942,213461.368380916
-123.254871651283,44.5334170865047,212865.848754873
-123.254871651283,44.5354240928153,212087.754307083
-123.254871651283,44.5374310991259,211237.713711412
-123.254871651283,44.5394381054365,210513.668267529
-123.254871651283,44.5414451117471,210046.488541155
-123.254871651283,44.5434521180577,209886.932434025
-123.254871651283,44.5454591243683,210050.971107535
-123.254871651283,44.5474661306789,210512.200091768
-123.254871651283,44.5494731369894,211227.941510989
-123.254871651283,44.5514801433,212155.596149589
-123.254871651283,44.5534871496106,213240.885808707
-123.254871651283,44.5554941559212,214423.983524304
-123.254871651283,44.5575011622318,215643.226218967
-123.254871651283,44.5595081685424,216836.556424564
-123.254871651283,44.561515174853,217943.021837222
-123.254871651283,44.5635221811636,218904.798057246
-123.254871651283,44.5655291874741,219669.942770779
-123.254871651283,44.5675361937847,220195.65778252
-123.254871651283,44.5695432000953,220451.098214526
-123.254871651283,44.5715502064059,220420.51454189
-123.254871651283,44.5735572127165,220106.472267041
-123.254871651283,44.5755642190271,219526.874497271
-123.254871651283,44.5775712253377,218733.670757451
-123.254871651283,44.5795782316483,217792.475593086
-123.254871651283,44.5815852379588,216772.43960877
-123.254871651283,44.5835922442694,215745.641044562
-123.254871651283,44.58559925058,214780.35386578
-123.254871651283,44.5876062568906,213931.577155706
-123.254871651283,44.5896132632012,213231.554733632
-123.254871651283,44.5916202695118,212684.547961749
-123.254871651283,44.5936272758224,212277.213835003
-123.254871651283,44.595634282133,212005.888421825
-123.254871651283,44.5976412884435,211895.445727895
-123.254871651283,44.5996482947541,211970.403297
-123.254871651283,44.6016553010647,212266.42436216
-123.254871651283,44.6036623073753,212829.965203145
-123.252054644072,44.5253890612624,214679.768325001
-123.252054644072,44.527396067573,214919.202094591
-123.252054644072,44.5294030738836,214971.307571006
-123.252054644072,44.5314100801942,214801.227835262
-123.252054644072,44.5334170865047,214395.424231637
-123.252054644072,44.5354240928153,213792.652463802
-123.252054644072,44.5374310991259,213091.908390435
-123.252054644072,44.5394381054365,212429.539542135
-123.252054644072,44.5414451117471,211918.765553736
-123.252054644072,44.5434521180577,211623.642613606
-123.252054644072,44.5454591243683,211568.613807384
-123.252054644072,44.5474661306789,211747.945085117
-123.252054644072,44.5494731369894,212138.237214465
-123.252054644072,44.5514801433,212706.671284248
-123.252054644072,44.5534871496106,213411.613196905
-123.252054644072,44.5554941559212,214204.863618053
-123.252054644072,44.5575011622318,215034.613781828
-123.252054644072,44.5595081685424,215847.838383861
-123.252054644072,44.561515174853,216592.399307622
-123.252054644072,44.5635221811636,217219.215232231
-123.252054644072,44.5655291874741,217684.612662628
-123.252054644072,44.5675361937847,217952.757431822
-123.252054644072,44.5695432000953,217997.966107504
-123.252054644072,44.5715502064059,217806.572432214
-123.252054644072,44.5735572127165,217376.818475325
-123.252054644072,44.5755642190271,216720.004909034
-123.252054644072,44.5775712253377,215874.451284031
-123.252054644072,44.5795782316483,214892.209236642
-123.252054644072,44.5815852379588,213828.041714421
-123.252054644072,44.5835922442694,212737.933594473
-123.252054644072,44.58559925058,211675.389305404
-123.252054644072,44.5876062568906,210686.765920828
-123.252054644072,44.5896132632012,209807.738567965
-123.252054644072,44.5916202695118,209063.704109099
-123.252054644072,44.5936272758224,208476.808471266
-123.252054644072,44.595634282133,208075.185388871
-123.252054644072,44.5976412884435,207894.880176444
-123.252054644072,44.5996482947541,207977.562195015
-123.252054644072,44.6016553010647,208359.932493522
-123.252054644072,44.6036623073753,209060.057957016
-123.24923763686,44.5253890612624,215072.443767206
-123.24923763686,44.527396067573,215377.451427823
-123.24923763686,44.5294030738836,215499.095053033
-123.24923763686,44.5314100801942,215420.202877375
-123.24923763686,44.5334170865047,215142.441094912
-123.24923763686,44.5354240928153,214699.369932925
-123.24923763686,44.5374310991259,214158.749727299
-123.24923763686,44.5394381054365,213607.699425479
-123.24923763686,44.5414451117471,213127.802223864
-123.24923763686,44.5434521180577,212777.567658061
-123.24923763686,44.5454591243683,212588.493014319
-123.24923763686,44.5474661306789,212568.664339678
-123.24923763686,44.5494731369894,212708.78156826
-123.24923763686,44.5514801433,212987.291308125
-123.24923763686,44.5534871496106,213373.540280621
-123.24923763686,44.5554941559212,213830.224193906
-123.24923763686,44.5575011622318,214315.811278415
-123.24923763686,44.5595081685424,214786.856181893
-123.24923763686,44.561515174853,215200.168556913
-123.24923763686,44.5635221811636,215514.901765375
-123.24923763686,44.5655291874741,215694.592956991
-123.24923763686,44.5675361937847,215709.101585081
-123.24923763686,44.5695432000953,215536.31851059
-123.24923763686,44.5715502064059,215163.498311217
-123.24923763686,44.5735572127165,214588.448148798
-123.24923763686,44.5755642190271,213821.749645595
-123.24923763686,44.5775712253377,212888.545037565
-123.24923763686,44.5795782316483,211825.085954517
-123.24923763686,44.5815852379588,210673.330411239
-123.24923763686,44.5835922442694,209477.530434946
-123.24923763686,44.58559925058,208281.887198134
-123.24923763686,44.5876062568906,207128.893734153
-123.24923763686,44.5896132632012,206059.187980546
-123.24923763686,44.5916202695118,205113.748046038
-123.24923763686,44.5936272758224,204341.436386099
-123.24923763686,44.595634282133,203803.25514689
-123.24923763686,44.5976412884435,203565.68767267
-123.24923763686,44.5996482947541,203689.746464768
-123.24923763686,44.6016553010647,204212.248573839
-123.24923763686,44.6036623073753,205117.714939647
-123.246420629649,44.5253890612624,215039.84646835
-123.246420629649,44.527396067573,215380.466201878
-123.246420629649,44.5294030738836,215546.749944411
-123.246420629649,44.5314100801942,215535.139930828
-123.246420629649,44.5334170865047,215355.202715654
-123.246420629649,44.5354240928153,215035.123015997
-123.246420629649,44.5374310991259,214621.50067443
-123.246420629649,44.5394381054365,214171.859622465
-123.246420629649,44.5414451117471,213743.003405077
-123.246420629649,44.5434521180577,213380.922930834
-123.246420629649,44.5454591243683,213115.688110852
-123.246420629649,44.5474661306789,212960.946779967
-123.246420629649,44.5494731369894,212916.001396072
-123.246420629649,44.5514801433,212968.62520993
-123.246420629649,44.5534871496106,213097.685237429
-123.246420629649,44.5554941559212,213275.469907772
-123.246420629649,44.5575011622318,213469.861629201
-123.246420629649,44.5595081685424,213646.411026315
-123.246420629649,44.561515174853,213770.314269603
-123.246420629649,44.5635221811636,213808.291395348
-123.246420629649,44.5655291874741,213730.35386891
-123.246420629649,44.5675361937847,213511.428038844
-123.246420629649,44.5695432000953,213132.793414802
-123.246420629649,44.5715502064059,212583.33697214
-123.246420629649,44.5735572127165,211860.704192239
-123.246420629649,44.5755642190271,210972.272815629
-123.246420629649,44.5775712253377,209935.244790548
-123.246420629649,44.5795782316483,208775.164297702
-123.246420629649,44.5815852379588,207523.521692797
-123.246420629649,44.5835922442694,206215.647004624
-123.246420629649,44.58559925058,204889.444923965
-123.246420629649,44.5876062568906,203585.228678016
-123.246420629649,44.5896132632012,202347.0846326
-123.246420629649,44.5916202695118,201226.47910151
-123.246420629649,44.5936272758224,200288.889978544
-123.246420629649,44.595634282133,199624.587829729
-123.246420629649,44.5976412884435,199339.164491251
-123.246420629649,44.5996482947541,199522.334946524
-123.246420629649,44.6016553010647,200213.658060952
-123.246420629649,44.6036623073753,201354.163336566
-123.243603622437,44.5253890612624,214636.755720412
-123.243603622437,44.527396067573,215001.31814993
-123.243603622437,44.5294030738836,215203.603088187
-123.243603622437,44.5314100801942,215247.582896819
-123.243603622437,44.5334170865047,215145.324515299
-123.243603622437,44.5354240928153,214919.65074691
-123.243603622437,44.5374310991259,214603.632133138
-123.243603622437,44.5394381054365,214236.67921192
-123.243603622437,44.5414451117471,213858.592557056
-123.243603622437,44.5434521180577,213503.783299054
-123.243603622437,44.5454591243683,213197.357588605
-123.243603622437,44.5474661306789,212953.512364128
-123.243603622437,44.5494731369894,212775.742079798
-123.243603622437,44.5514801433,212658.073880187
-123.243603622437,44.5534871496106,212586.7270617
-123.243603622437,44.5554941559212,212541.89154067
-123.243603622437,44.5575011622318,212499.516038997
-123.243603622437,44.5595081685424,212433.066164578
-123.243603622437,44.561515174853,212315.226157323
-123.243603622437,44.5635221811636,212119.52027606
-123.243603622437,44.5655291874741,211821.829037558
-123.243603622437,44.5675361937847,211401.773896456
-123.243603622437,44.5695432000953,210843.946677415
-123.243603622437,44.5715502064059,210138.965120034
-123.243603622437,44.5735572127165,209284.31511581
-123.243603622437,44.5755642190271,208284.854274281
-123.243603622437,44.5775712253377,207152.767892159
-123.243603622437,44.5795782316483,205906.900630602
-123.243603622437,44.5815852379588,204571.739715885
-123.243603622437,44.5835922442694,203176.55511262
-123.243603622437,44.58559925058,201755.172874413
-123.243603622437,44.5876062568906,200346.774078185
-123.243603622437,44.5896132632012,198998.080372311
-123.243603622437,44.5916202695118,197767.220964061
-123.243603622437,44.5936272758224,196729.541761324
-123.243603622437,44.595634282133,195986.262769743
-123.243603622437,44.5976412884435,195676.525755304
-123.243603622437,44.5996482947541,195937.22916719
-123.243603622437,44.6016553010647,196784.723123552
-123.243603622437,44.6036623073753,198136.651197063
-123.240786615225,44.5253890612624,213891.895128111
-123.240786615225,44.527396067573,214279.981792994
-123.240786615225,44.5294030738836,214518.174827772
-123.240786615225,44.5314100801942,214613.276638758
-123.240786615225,44.5334170865047,214577.114666864
-123.240786615225,44.5354240928153,214427.920713524
-123.240786615225,44.5374310991259,214189.872978139
-123.240786615225,44.5394381054365,213890.905859457
-123.240786615225,44.5414451117471,213559.42898124
-123.240786615225,44.5434521180577,213220.920039864
-123.240786615225,44.5454591243683,212895.235380188
-123.240786615225,44.5474661306789,212595.051095541
-123.240786615225,44.5494731369894,212325.409913938
-123.240786615225,44.5514801433,212084.104868394
-123.240786615225,44.5534871496106,211862.591438561
-123.240786615225,44.5554941559212,211647.19146669
-123.240786615225,44.5575011622318,211420.439935697
-123.240786615225,44.5595081685424,211162.485917773
-123.240786615225,44.561515174853,210852.490769361
-123.240786615225,44.5635221811636,210469.981997003
-123.240786615225,44.5655291874741,209996.128851611
-123.240786615225,44.5675361937847,209414.909859543
-123.240786615225,44.5695432000953,208714.14441234
-123.240786615225,44.5715502064059,207886.357710713
-123.240786615225,44.5735572127165,206929.436361101
-123.240786615225,44.5755642190271,205847.01730641
-123.240786615225,44.5775712253377,204648.568873527
-123.240786615225,44.5795782316483,203349.207943974
-123.240786615225,44.5815852379588,201969.434004484
-123.240786615225,44.5835922442694,200535.07615414
-123.240786615225,44.58559925058,199077.804606426
-123.240786615225,44.5876062568906,197636.587757819
-123.240786615225,44.5896132632012,196260.521427006
-123.240786615225,44.5916202695118,195013.403841555
-123.240786615225,44.5936272758224,193979.337985579
-123.240786615225,44.595634282133,193266.800244085
-123.240786615225,44.5976412884435,193013.133582811
-123.240786615225,44.5996482947541,193343.066735234
-123.240786615225,44.6016553010647,194290.303645433
-123.240786615225,44.6036623073753,195781.978942224
-123.237969608014,44.5253890612624,212818.063112686
-123.237969608014,44.527396067573,213241.494322534
-123.237969608014,44.5294030738836,213523.086852976
-123.237969608014,44.5314100801942,213671.066875817
-123.237969608014,44.5334170865047,213696.608908029
-123.237969608014,44.5354240928153,213614.643356598
-123.237969608014,44.5374310991259,213443.551595869
-123.237969608014,44.5394381054365,213203.895459828
-123.237969608014,44.5414451117471,212916.516994576
-123.237969608014,44.5434521180577,212600.475520869
-123.237969608014,44.5454591243683,212271.263230486
-123.237969608014,44.5474661306789,211939.581852835
-123.237969608014,44.5494731369894,211610.766205934
-123.237969608014,44.5514801433,211284.791298386
-123.237969608014,44.5534871496106,210956.729600112
-123.237969608014,44.5554941559212,210617.518274155
-123.237969608014,44.5575011622318,210254.919840069
-123.237969608014,44.5595081685424,209854.588602275
-123.237969608014,44.561515174853,209401.17815682
-123.237969608014,44.5635221811636,208879.440888085
-123.237969608014,44.5655291874741,208275.280419803
-123.237969608014,44.5675361937847,207576.72438884
-123.237969608014,44.5695432000953,206774.788728379
-123.237969608014,44.5715502064059,205864.206526216
-123.237969608014,44.5735572127165,204843.996694585
-123.237969608014,44.5755642190271,203717.857043777
-123.237969608014,44.5775712253377,202494.394119107
-123.237969608014,44.5795782316483,201187.25509158
-123.237969608014,44.5815852379588,199815.296698281
-123.237969608014,44.5835922442694,198402.993277903
-123.237969608014,44.58559925058,196981.338140957
-123.237969608014,44.5876062568906,195589.535390202
-123.237969608014,44.5896132632012,194277.843802016
-123.237969608014,44.5916202695118,193112.234109055
-123.237969608014,44.5936272758224,192183.629426405
-123.237969608014,44.595634282133,191607.849770273
-123.237969608014,44.5976412884435,191503.092761399
-123.237969608014,44.5996482947541,191946.18846377
-123.237969608014,44.6016553010647,192940.251535141
-123.237969608014,44.6036623073753,194478.867351941
-123.235152600802,44.5253890612624,211444.579811946
-123.235152600802,44.527396067573,211917.681995268
-123.235152600802,44.5294030738836,212252.008348367
-123.235152600802,44.5314100801942,212457.186726193
-123.235152600802,44.5334170865047,212544.120818476
-123.235152600802,44.5354240928153,212525.650205239
-123.235152600802,44.5374310991259,212416.459432077
-123.235152600802,44.5394381054365,212232.373247781
-123.235152600802,44.5414451117471,211989.245515976
-123.235152600802,44.5434521180577,211701.69840478
-123.235152600802,44.5454591243683,211381.960458789
-123.235152600802,44.5474661306789,211038.987508241
-123.235152600802,44.5494731369894,210677.95881929
-123.235152600802,44.5514801433,210300.157050951
-123.235152600802,44.5534871496106,209903.184968757
-123.235152600802,44.5554941559212,209481.44685263
-123.235152600802,44.5575011622318,209026.819355022
-123.235152600802,44.5595081685424,208529.444316671
-123.235152600802,44.561515174853,207978.58694329
-123.235152600802,44.5635221811636,207363.51297193
-123.235152600802,44.5655291874741,206674.346870539
-123.235152600802,44.5675361937847,205902.879836834
-123.235152600802,44.5695432000953,205043.302046104
-123.235152600802,44.5715502064059,204092.839437328
-123.235152600802,44.5735572127165,203052.283535785
-123.235152600802,44.5755642190271,201926.416824063
-123.235152600802,44.5775712253377,200724.359479748
-123.235152600802,44.5795782316483,199459.896800964
-123.235152600802,44.5815852379588,198151.887011707
-123.235152600802,44.5835922442694,196824.891246004
-123.235152600802,44.58559925058,195510.210139388
-123.235152600802,44.5876062568906,194247.560333776
-123.235152600802,44.5896132632012,193087.682091633
-123.235152600802,44.5916202695118,192096.19594164
-123.235152600802,44.5936272758224,191357.784240212
-123.235152600802,44.595634282133,190973.742218283
-123.235152600802,44.5976412884435,191049.106177151
-123.235152600802,44.5996482947541,191636.035289911
-123.235152600802,44.6016553010647,192716.599033023
-123.235152600802,44.6036623073753,194265.245526473
-123.232335593591,44.5253890612624,209826.117664133
-123.232335593591,44.527396067573,210353.632775971
-123.232335593591,44.5294030738836,210745.183939298
-123.232335593591,44.5314100801942,211010.222016509
-123.232335593591,44.5334170865047,211158.998688455
-123.232335593591,44.5354240928153,211202.781342584
-123.232335593591,44.5374310991259,211153.765495819
-123.232335593591,44.5394381054365,211024.655285641
-123.232335593591,44.5414451117471,210827.99687876
-123.232335593591,44.5434521180577,210575.399495456
-123.232335593591,44.5454591243683,210276.785959818
-123.232335593591,44.5474661306789,209939.789691975
-123.232335593591,44.5494731369894,209569.371831842
-123.232335593591,44.5514801433,209167.686283948
-123.232335593591,44.5534871496106,208734.18340333
-123.232335593591,44.5554941559212,208265.919509435
-123.232335593591,44.5575011622318,207758.028441795
-123.232335593591,44.5595081685424,207204.309239413
-123.232335593591,44.561515174853,206597.88684661
-123.232335593591,44.5635221811636,205931.907729749
-123.232335593591,44.5655291874741,205200.237912275
-123.232335593591,44.5675361937847,204398.136662793
-123.232335593591,44.5695432000953,203522.885047201
-123.232335593591,44.5715502064059,202574.355460467
-123.232335593591,44.5735572127165,201555.517209122
-123.232335593591,44.5755642190271,200472.885506461
-123.232335593591,44.5775712253377,199336.937664689
-123.232335593591,44.5795782316483,198162.540350009
-123.232335593591,44.5815852379588,196969.453634559
-123.232335593591,44.5835922442694,195782.999234376
-123.232335593591,44.58559925058,194635.002664078
-123.232335593591,44.5876062568906,193565.151844798
-123.232335593591,44.5896132632012,192622.983704163
-123.232335593591,44.5916202695118,191870.461315227
-123.232335593591,44.5936272758224,191383.672359155
-123.232335593591,44.595634282133,191234.763692042
-123.232335593591,44.5976412884435,191494.103646553
-123.232335593591,44.5996482947541,192209.852732135
-123.232335593591,44.6016553010647,193357.158348654
-123.232335593591,44.6036623073753,194896.032556365
-123.229518586379,44.5253890612624,208016.196550623
-123.229518586379,44.527396067573,208596.241367202
-123.229518586379,44.5294030738836,209044.584875491
-123.229518586379,44.5314100801942,209369.351045803
-123.229518586379,44.5334170865047,209579.556731522
-123.229518586379,44.5354240928153,209684.955791113
-123.229518586379,44.5374310991259,209695.840576767
-123.229518586379,44.5394381054365,209622.718734625
-123.229518586379,44.5414451117471,209475.872268165
-123.229518586379,44.5434521180577,209264.85534071
-123.229518586379,44.5454591243683,208998.005378673
-123.229518586379,44.5474661306789,208682.037390071
-123.229518586379,44.5494731369894,208321.772821095
-123.229518586379,44.5514801433,207920.030247333
-123.229518586379,44.5534871496106,207477.682506342
-123.229518586379,44.5554941559212,206993.867460618
-123.229518586379,44.5575011622318,206466.328582656
-123.229518586379,44.5595081685424,205891.856244652
-123.229518586379,44.561515174853,205266.799461983
-123.229518586379,44.5635221811636,204587.619393639
-123.229518586379,44.5655291874741,203851.459063221
-123.229518586379,44.5675361937847,203056.70793895
-123.229518586379,44.5695432000953,202203.545032609
-123.229518586379,44.5715502064059,201294.450185978
-123.229518586379,44.5735572127165,200334.680489421
-123.229518586379,44.5755642190271,199332.717479966
-123.229518586379,44.5775712253377,198300.700573647
-123.229518586379,44.5795782316483,197254.871945347
-123.229518586379,44.5815852379588,196216.065614748
-123.229518586379,44.5835922442694,195210.275705531
-123.229518586379,44.58559925058,194269.331954362
-123.229518586379,44.5876062568906,193431.693331081
-123.229518586379,44.5896132632012,192743.381881896
-123.229518586379,44.5916202695118,192259.218217027
-123.229518586379,44.5936272758224,192037.067695995
-123.229518586379,44.595634282133,192128.232453175
-123.229518586379,44.5976412884435,192575.24838369
-123.229518586379,44.5996482947541,193397.575011801
-123.229518586379,44.6016553010647,194581.301331909
-123.229518586379,44.6036623073753,196092.742873237
-123.226701579168,44.5253890612624,206056.520997567
-123.226701579168,44.527396067573,206685.6112338
-123.226701579168,44.5294030738836,207188.191653
-123.226701579168,44.5314100801942,207570.864711396
-123.226701579168,44.5334170865047,207841.215344564
-123.226701579168,44.5354240928153,208007.522226233
-123.226701579168,44.5374310991259,208078.493471024
-123.226701579168,44.5394381054365,208062.975965378
-123.226701579168,44.5414451117471,207969.626657107
-123.226701579168,44.5434521180577,207806.565092105
-123.226701579168,44.5454591243683,207581.043050306
-123.226701579168,44.5474661306789,207299.170299935
-123.226701579168,44.5494731369894,206965.728988892
-123.226701579168,44.5514801433,206584.097453683
-123.226701579168,44.5534871496106,206156.29119693
-123.226701579168,44.5554941559212,205683.117241991
-123.226701579168,44.5575011622318,205164.429447605
-123.226701579168,44.5595081685424,204599.466977472
-123.226701579168,44.561515174853,203987.255611603
-123.226701579168,44.5635221811636,203327.051336655
-123.226701579168,44.5655291874741,202618.807056012
-123.226701579168,44.5675361937847,201863.645859829
-123.226701579168,44.5695432000953,201064.327801296
-123.226701579168,44.5715502064059,200225.701353243
-123.226701579168,44.5735572127165,199355.135462944
-123.226701579168,44.5755642190271,198462.932968771
-123.226701579168,44.5775712253377,197562.730227043
-123.226701579168,44.5795782316483,196671.889528878
-123.226701579168,44.5815852379588,195811.887588062
-123.226701579168,44.5835922442694,195008.690627343
-123.226701579168,44.58559925058,194293.076217891
-123.226701579168,44.5876062568906,193700.792810631
-123.226701579168,44.5896132632012,193272.249833102
-123.226701579168,44.5916202695118,193050.788855845
-123.226701579168,44.5936272758224,193078.164108252
-123.226701579168,44.595634282133,193388.839272265
-123.226701579168,44.5976412884435,194005.251446004
-123.226701579168,44.5996482947541,194930.526780974
-123.226701579168,44.6016553010647,196147.131616338
-123.226701579168,44.6036623073753,197628.42411788
-123.223884571956,44.5253890612624,203979.00976174
-123.223884571956,44.527396067573,204653.94667474
-123.223884571956,44.5294030738836,205207.904183133
-123.223884571956,44.5314100801942,205646.178471593
-123.223884571956,44.5334170865047,205975.037252308
-123.223884571956,44.5354240928153,206201.434808316
-123.223884571956,44.5374310991259,206332.748360888
-123.223884571956,44.5394381054365,206376.518482514
-123.223884571956,44.5414451117471,206340.187361866
-123.223884571956,44.5434521180577,206230.842490796
-123.223884571956,44.5454591243683,206054.983203493
-123.223884571956,44.5474661306789,205818.331303894
-123.223884571956,44.5494731369894,205525.705300072
-123.223884571956,44.5514801433,205180.972290728
-123.223884571956,44.5534871496106,204787.084350186
-123.223884571956,44.5554941559212,204346.199047484
-123.223884571956,44.5575011622318,203859.877649803
-123.223884571956,44.5595081685424,203329.350149729
-123.223884571956,44.561515174853,202755.833616447
-123.223884571956,44.5635221811636,202140.889327577
-123.223884571956,44.5655291874741,201486.804398526
-123.223884571956,44.5675361937847,200796.984875114
-123.223884571956,44.5695432000953,200076.349185043
-123.223884571956,44.5715502064059,199331.71312406
-123.223884571956,44.5735572127165,198572.159747271
-123.223884571956,44.5755642190271,197809.38897407
-123.223884571956,44.5775712253377,197058.041305518
-123.223884571956,44.5795782316483,196335.986021296
-123.223884571956,44.5815852379588,195664.55365562
-123.223884571956,44.5835922442694,195068.670447785
-123.223884571956,44.58559925058,194576.809607742
-123.223884571956,44.5876062568906,194220.593861984
-123.223884571956,44.5896132632012,194033.749620308
-123.223884571956,44.5916202695118,194049.993619375
-123.223884571956,44.5936272758224,194299.612578882
-123.223884571956,44.595634282133,194804.937482457
-123.223884571956,44.5976412884435,195574.668737016
-123.223884571956,44.5996482947541,196597.666230092
-123.223884571956,44.6016553010647,197846.346907784
-123.223884571956,44.6036623073753,199297.283924875
-123.221067564745,44.5253890612624,201808.623857307
-123.221067564745,44.527396067573,202526.886703348
-123.221067564745,44.5294030738836,203129.736241075
-123.221067564745,44.5314100801942,203621.454485975
-123.221067564745,44.5334170865047,204007.224606906
-123.221067564745,44.5354240928153,204292.895495587
-123.221067564745,44.5374310991259,204484.754152072
-123.221067564745,44.5394381054365,204589.306003628
-123.221067564745,44.5414451117471,204613.064352353
-123.221067564745,44.5434521180577,204562.35460501
-123.221067564745,44.5454591243683,204443.14325319
-123.221067564745,44.5474661306789,204260.903758805
-123.221067564745,44.5494731369894,204020.531036758
-123.221067564745,44.5514801433,203726.313548166
-123.221067564745,44.5534871496106,203381.967998019
-123.221067564745,44.5554941559212,202990.73719271
-123.221067564745,44.5575011622318,202555.547495757
-123.221067564745,44.5595081685424,202079.218993713
-123.221067564745,44.561515174853,201564.719155725
-123.221067564745,44.5635221811636,201015.449444143
-123.221067564745,44.5655291874741,200435.553879864
-123.221067564745,44.5675361937847,199830.238770414
-123.221067564745,44.5695432000953,199206.093391414
-123.221067564745,44.5715502064059,198571.402014193
-123.221067564745,44.5735572127165,197936.437806763
-123.221067564745,44.5755642190271,197313.728110961
-123.221067564745,44.5775712253377,196718.277412747
-123.221067564745,44.5795782316483,196167.727528601
-123.221067564745,44.5815852379588,195682.422094044
-123.221067564745,44.5835922442694,195285.321711927
-123.221067564745,44.58559925058,195001.684565353
-123.221067564745,44.5876062568906,194858.386176251
-123.221067564745,44.5896132632012,194882.716894459
-123.221067564745,44.5916202695118,195100.507674093
-123.221067564745,44.5936272758224,195533.523213171
-123.221067564745,44.595634282133,196196.127191744
-123.221067564745,44.5976412884435,197090.981405969
-123.221067564745,44.5996482947541,198201.313736329
-123.221067564745,44.6016553010647,199479.408832694
-123.221067564745,44.6036623073753,200899.836560414
-123.218250557533,44.5253890612624,199565.209579199
-123.218250557533,44.527396067573,200324.903219731
-123.218250557533,44.5294030738836,200974.661815289
-123.218250557533,44.5314100801942,201518.012031512
-123.218250557533,44.5334170865047,201959.292680879
-123.218250557533,44.5354240928153,202303.473879298
-123.218250557533,44.5374310991259,202555.974954447
-123.218250557533,44.5394381054365,202722.487438817
-123.218250557533,44.5414451117471,202808.808245753
-123.218250557533,44.5434521180577,202820.688845557
-123.218250557533,44.5454591243683,202763.707522008
-123.218250557533,44.5474661306789,202643.172479704
-123.218250557533,44.5494731369894,202464.063142609
-123.218250557533,44.5514801433,202231.015407255
-123.218250557533,44.5534871496106,201948.354195711
-123.218250557533,44.5554941559212,201620.173832353
-123.218250557533,44.5575011622318,201250.463966026
-123.218250557533,44.5595081685424,200843.276292282
-123.218250557533,44.561515174853,200402.92537963
-123.218250557533,44.5635221811636,199934.215519729
-123.218250557533,44.5655291874741,199442.684644068
-123.218250557533,44.5675361937847,198934.855830078
-123.218250557533,44.5695432000953,198418.486528432
-123.218250557533,44.5715502064059,197902.805068068
-123.218250557533,44.5735572127165,197398.722820482
-123.218250557533,44.5755642190271,196919.008089915
-123.218250557533,44.5775712253377,196478.403658517
-123.218250557533,44.5795782316483,196093.663158711
-123.218250557533,44.5815852379588,195783.471305031
-123.218250557533,44.5835922442694,195568.199208233
-123.218250557533,44.58559925058,195469.429756343
-123.218250557533,44.5876062568906,195509.173945368
-123.218250557533,44.5896132632012,195708.696032215
-123.218250557533,44.5916202695118,196086.881385922
-123.218250557533,44.5936272758224,196658.103166892
-123.218250557533,44.595634282133,197429.508822132
-123.218250557533,44.5976412884435,198397.43010458
-123.218250557533,44.5996482947541,199542.898696187
-123.218250557533,44.6016553010647,200834.664104247
-123.218250557533,44.6036623073753,202249.110538502
-123.215433550322,44.5253890612624,197264.663587336
-123.215433550322,44.527396067573,198064.363271738
-123.215433550322,44.5294030738836,198759.474155515
-123.215433550322,44.5314100801942,199352.971186935
-123.215433550322,44.5334170865047,199848.554876244
-123.215433550322,44.5354240928153,200250.51705512
-123.215433550322,44.5374310991259,200563.601269861
-123.215433550322,44.5394381054365,200792.865173982
-123.215433550322,44.5414451117471,200943.551063216
-123.215433550322,44.5434521180577,201020.970288573
-123.215433550322,44.5454591243683,201030.407248497
-123.215433550322,44.5474661306789,200977.048506723
-123.215433550322,44.5494731369894,200865.941977302
-123.215433550322,44.5514801433,200701.989956783
-123.215433550322,44.5534871496106,200489.978147195
-123.215433550322,44.5554941559212,200234.640891833
-123.215433550322,44.5575011622318,199940.760856218
-123.215433550322,44.5595081685424,199613.299516071
-123.215433550322,44.561515174853,199257.553184129
-123.215433550322,44.5635221811636,198879.327963035
-123.215433550322,44.5655291874741,198485.125920462
-123.215433550322,44.5675361937847,198082.333842456
-123.215433550322,44.5695432000953,197679.404965246
-123.215433550322,44.5715502064059,197286.022886746
-123.215433550322,44.5735572127165,196913.235134494
-123.215433550322,44.5755642190271,196573.541293202
-123.215433550322,44.5775712253377,196280.916849086
-123.215433550322,44.5795782316483,196050.748760008
-123.215433550322,44.5815852379588,195899.652267551
-123.215433550322,44.5835922442694,195845.131305203
-123.215433550322,44.58559925058,195905.038761387
-123.215433550322,44.5876062568906,196096.790882616
-123.215433550322,44.5896132632012,196436.296026289
-123.215433550322,44.5916202695118,196936.574631072
-123.215433550322,44.5936272758224,197606.078505776
-123.215433550322,44.595634282133,198446.795826088
-123.215433550322,44.5976412884435,199452.529985868
-123.215433550322,44.5996482947541,200608.722452665
-123.215433550322,44.6016553010647,201896.293858282
-123.215433550322,44.6036623073753,203298.91037262
-123.21261654311,44.5253890612624,194919.720341375
-123.21261654311,44.527396067573,195758.312716436
-123.21261654311,44.5294030738836,196497.51453057
-123.21261654311,44.5314100801942,197139.901681463
-123.21261654311,44.5334170865047,197688.699236378
-123.21261654311,44.5354240928153,198147.683560263
-123.21261654311,44.5374310991259,198521.077931029
-123.21261654311,44.5394381054365,198813.448157355
-123.21261654311,44.5414451117471,199029.603929807
-123.21261654311,44.5434521180577,199174.511064793
-123.21261654311,44.5454591243683,199253.219356259
-123.21261654311,44.5474661306789,199270.810256191
-123.21261654311,44.5494731369894,199232.367908917
-123.21261654311,44.5514801433,199142.97609216
-123.21261654311,44.5534871496106,199007.742384102
-123.21261654311,44.5554941559212,198831.849458379
-123.21261654311,44.5575011622318,198620.631913956
-123.21261654311,44.5595081685424,198379.675575507
-123.21261654311,44.561515174853,198114.934824155
-123.21261654311,44.5635221811636,197832.862267587
-123.21261654311,44.5655291874741,197540.543914976
-123.21261654311,44.5675361937847,197245.83192242
-123.21261654311,44.5695432000953,196957.465815534
-123.21261654311,44.5715502064059,196685.17174515
-123.21261654311,44.5735572127165,196439.727645127
-123.21261654311,44.5755642190271,196232.980013572
-123.21261654311,44.5775712253377,196077.795381428
-123.21261654311,44.5795782316483,195987.926484423
-123.21261654311,44.5815852379588,195977.770144954
-123.21261654311,44.5835922442694,196061.991824786
-123.21261654311,44.58559925058,196254.992345635
-123.21261654311,44.5876062568906,196570.197883844
-123.21261654311,44.5896132632012,197019.168720413
-123.21261654311,44.5916202695118,197610.551717265
-123.21261654311,44.5936272758224,198348.95990288
-123.21261654311,44.595634282133,199233.979154622
-123.21261654311,44.5976412884435,200259.707277791
-123.21261654311,44.5996482947541,201415.424122325
-123.21261654311,44.6016553010647,202687.684306937
-123.21261654311,44.6036623073753,204062.830015967
-123.209799535899,44.5253890612624,192540.526846344
-123.209799535899,44.527396067573,193417.074258938
-123.209799535899,44.5294030738836,194199.272116232
-123.209799535899,44.5314100801942,194889.408649641
-123.209799535899,44.5334170865047,195490.356337151
-123.209799535899,44.5354240928153,196005.501307476
-123.209799535899,44.5374310991259,196438.666481167
-123.209799535899,44.5394381054365,196794.033658466
-123.209799535899,44.5414451117471,197076.069341149
-123.209799535899,44.5434521180577,197289.458610295
-123.209799535899,44.5454591243683,197439.050890176
-123.209799535899,44.5474661306789,197529.820867622
-123.209799535899,44.5494731369894,197566.8471523
-123.209799535899,44.5514801433,197555.310423385
-123.209799535899,44.5534871496106,197500.511815249
-123.209799535899,44.5554941559212,197407.911183138
-123.209799535899,44.5575011622318,197283.183711351
-123.209799535899,44.5595081685424,197132.292134711
-123.209799535899,44.561515174853,196961.570680475
-123.209799535899,44.5635221811636,196777.815721243
-123.209799535899,44.5655291874741,196588.377054841
-123.209799535899,44.5675361937847,196401.242664083
-123.209799535899,44.5695432000953,196225.108712118
-123.209799535899,44.5715502064059,196069.425346302
-123.209799535899,44.5735572127165,195944.407582101
-123.209799535899,44.5755642190271,195860.999134325
-123.209799535899,44.5775712253377,195830.775672106
-123.209799535899,44.5795782316483,195865.772881138
-123.209799535899,44.5815852379588,195978.224466948
-123.209799535899,44.5835922442694,196180.196740386
-123.209799535899,44.58559925058,196483.111094519
-123.209799535899,44.5876062568906,196897.155553418
-123.209799535899,44.5896132632012,197430.604553295
-123.209799535899,44.5916202695118,198089.096189779
-123.209799535899,44.5936272758224,198874.962517127
-123.209799535899,44.595634282133,199786.769215513
-123.209799535899,44.5976412884435,200819.268122652
-123.209799535899,44.5996482947541,201963.91727929
-123.209799535899,44.6016553010647,203209.872307182
-123.209799535899,44.6036623073753,204544.961211401
-123.206982528687,44.5253890612624,190135.090215398
-123.206982528687,44.527396067573,191048.723858471
-123.206982528687,44.5294030738836,191872.881887873
-123.206982528687,44.5314100801942,192609.644293353
-123.206982528687,44.5334170865047,193261.620544651
-123.206982528687,44.5354240928153,193831.899023477
-123.206982528687,44.5374310991259,194323.990944491
-123.206982528687,44.5394381054365,194741.77273645
-123.206982528687,44.5414451117471,195089.430653713
-123.206982528687,44.5434521180577,195371.411059747
-123.206982528687,44.5454591243683,195592.379401834
-123.206982528687,44.5474661306789,195757.190383493
-123.206982528687,44.5494731369894,195870.871228726
-123.206982528687,44.5514801433,195938.619213555
-123.206982528687,44.5534871496106,195965.813821099
-123.206982528687,44.5554941559212,195958.042975719
-123.206982528687,44.5575011622318,195921.141858275
-123.206982528687,44.5595081685424,195861.241828602
-123.206982528687,44.561515174853,195784.826008845
-123.206982528687,44.5635221811636,195698.78712941
-123.206982528687,44.5655291874741,195610.48231289
-123.206982528687,44.5675361937847,195527.778569087
-123.206982528687,44.5695432000953,195459.081891422
-123.206982528687,44.5715502064059,195413.341989765
-123.206982528687,44.5735572127165,195400.023903598
-123.206982528687,44.5755642190271,195429.037105373
-123.206982528687,44.5775712253377,195510.61241009
-123.206982528687,44.5795782316483,195655.117369457
-123.206982528687,44.5815852379588,195872.802341194
-123.206982528687,44.5835922442694,196173.47279843
-123.206982528687,44.58559925058,196566.089625677
-123.206982528687,44.5876062568906,197058.309262537
-123.206982528687,44.5896132632012,197655.990670557
-123.206982528687,44.5916202695118,198362.716468559
-123.206982528687,44.5936272758224,199179.398711435
-123.206982528687,44.595634282133,200104.05663066
-123.206982528687,44.5976412884435,201131.844684967
-123.206982528687,44.5996482947541,202255.349278861
-123.206982528687,44.6016553010647,203465.058069632
-123.206982528687,44.6036623073753,204749.795811705